{
  "source_L1": "L1_q440_min5_pool_ca879f16",
  "generated_at": "2026-03-04 02:17:09",
  "start_date": null,
  "end_date": null,
  "skills": {
    "Fran": {
      "avg_Q": 120.79322033898305,
      "avg_W": 65.90338983050847,
      "avg_E": 50.664406779661014,
      "avg_R": 15.58135593220339,
      "max_Q": 643,
      "max_W": 337,
      "max_E": 321,
      "max_R": 200,
      "matches": 590
    },
    "Olaf": {
      "avg_Q": 139.86191860465115,
      "avg_W": 59.28343023255814,
      "avg_E": 67.38953488372093,
      "avg_R": 15.515988372093023,
      "max_Q": 835,
      "max_W": 309,
      "max_E": 594,
      "max_R": 549,
      "matches": 688
    },
    "Carla": {
      "avg_Q": 99.70833333333333,
      "avg_W": 69.79166666666667,
      "avg_E": 63.2816091954023,
      "avg_R": 15.669540229885058,
      "max_Q": 369,
      "max_W": 285,
      "max_E": 542,
      "max_R": 130,
      "matches": 696
    },
    "Hugo": {
      "avg_Q": 153.06638418079095,
      "avg_W": 50.01412429378531,
      "avg_E": 65.35310734463278,
      "avg_R": 10.951977401129943,
      "max_Q": 886,
      "max_W": 289,
      "max_E": 640,
      "max_R": 134,
      "matches": 708
    },
    "Eduardo": {
      "avg_Q": 87.17319277108433,
      "avg_W": 40.47439759036145,
      "avg_E": 53.28012048192771,
      "avg_R": 10.65512048192771,
      "max_Q": 367,
      "max_W": 194,
      "max_E": 277,
      "max_R": 149,
      "matches": 664
    },
    "Dexus": {
      "avg_Q": 142.05272727272728,
      "avg_W": 51.12,
      "avg_E": 118.24,
      "avg_R": 22.681818181818183,
      "max_Q": 1047,
      "max_W": 255,
      "max_E": 275,
      "max_R": 271,
      "matches": 550
    },
    "Dvd": {
      "avg_Q": 108.73565573770492,
      "avg_W": 51.16803278688525,
      "avg_E": 53.15983606557377,
      "avg_R": 11.53688524590164,
      "max_Q": 733,
      "max_W": 260,
      "max_E": 210,
      "max_R": 135,
      "matches": 488
    },
    "Spam": {
      "avg_Q": 113.44303797468355,
      "avg_W": 55.488245931283906,
      "avg_E": 60.56781193490054,
      "avg_R": 10.754068716094032,
      "max_Q": 415,
      "max_W": 254,
      "max_E": 236,
      "max_R": 123,
      "matches": 553
    },
    "Itzantete": {
      "avg_Q": 138.81578947368422,
      "avg_W": 76.18233082706767,
      "avg_E": 73.3890977443609,
      "avg_R": 14.87218045112782,
      "max_Q": 417,
      "max_W": 299,
      "max_E": 236,
      "max_R": 204,
      "matches": 532
    },
    "Ainara": {
      "avg_Q": 67.3177570093458,
      "avg_W": 40.06542056074766,
      "avg_E": 38.08411214953271,
      "avg_R": 5.691588785046729,
      "max_Q": 179,
      "max_W": 166,
      "max_E": 140,
      "max_R": 29,
      "matches": 107
    },
    "Manolito": {
      "avg_Q": 88.0807453416149,
      "avg_W": 57.80124223602485,
      "avg_E": 74.13664596273291,
      "avg_R": 8.621118012422361,
      "max_Q": 356,
      "max_W": 305,
      "max_E": 291,
      "max_R": 24,
      "matches": 161
    },
    "Nico": {
      "avg_Q": 135.32867132867133,
      "avg_W": 64.39160839160839,
      "avg_E": 59.22377622377623,
      "avg_R": 10.34965034965035,
      "max_Q": 546,
      "max_W": 156,
      "max_E": 141,
      "max_R": 67,
      "matches": 143
    },
    "Lluc": {
      "avg_Q": 80.61728395061728,
      "avg_W": 51.50617283950617,
      "avg_E": 53.19753086419753,
      "avg_R": 13.728395061728396,
      "max_Q": 268,
      "max_W": 127,
      "max_E": 193,
      "max_R": 115,
      "matches": 81
    },
    "Ayna": {
      "avg_Q": 79.46527777777777,
      "avg_W": 58.78472222222222,
      "avg_E": 63.4375,
      "avg_R": 9.506944444444445,
      "max_Q": 223,
      "max_W": 202,
      "max_E": 188,
      "max_R": 80,
      "matches": 144
    },
    "Morocha": {
      "avg_Q": 105.24,
      "avg_W": 46.16,
      "avg_E": 54.36,
      "avg_R": 7.68,
      "max_Q": 364,
      "max_W": 99,
      "max_E": 244,
      "max_R": 15,
      "matches": 25
    },
    "Paellita": {
      "avg_Q": 30.0,
      "avg_W": 45.34285714285714,
      "avg_E": 44.0,
      "avg_R": 7.457142857142857,
      "max_Q": 60,
      "max_W": 95,
      "max_E": 81,
      "max_R": 15,
      "matches": 35
    }
  }
}