{
  "source_L1": "L1_q440_min5_pool_ca879f16",
  "generated_at": "2026-03-04 02:16:50",
  "start_date": null,
  "end_date": null,
  "ego": {
    "Fran": {
      "ego_index": 0.44942344941950224,
      "selfish_score": 1.3005605070479334,
      "teamplay_score": 1.0593244452611343,
      "tilt_score": 1.040936938163516,
      "match_count": 590,
      "avg_kills": 7.279661016949152,
      "avg_deaths": 4.650847457627119,
      "avg_assists": 9.886440677966101,
      "avg_gold": 12529.833898305085,
      "avg_damage_dealt": 26568.683050847456,
      "avg_vision_score": 29.983050847457626,
      "lost_by_surrender": 112,
      "lost_surrender_rate": 0.18983050847457628
    },
    "Olaf": {
      "ego_index": 0.7010886756788509,
      "selfish_score": 1.4058098062516096,
      "teamplay_score": 0.8689075345703626,
      "tilt_score": 0.82093201998802,
      "match_count": 688,
      "avg_kills": 8.023255813953488,
      "avg_deaths": 5.098837209302325,
      "avg_assists": 8.37936046511628,
      "avg_gold": 13110.655523255815,
      "avg_damage_dealt": 28709.06104651163,
      "avg_vision_score": 23.7703488372093,
      "lost_by_surrender": 103,
      "lost_surrender_rate": 0.14970930232558138
    },
    "Carla": {
      "ego_index": -0.011740600278788649,
      "selfish_score": 0.8852567879196707,
      "teamplay_score": 1.1034167640981365,
      "tilt_score": 1.0320968794983858,
      "match_count": 696,
      "avg_kills": 4.057471264367816,
      "avg_deaths": 5.583333333333333,
      "avg_assists": 9.52155172413793,
      "avg_gold": 10803.400862068966,
      "avg_damage_dealt": 18577.757183908045,
      "avg_vision_score": 33.59770114942529,
      "lost_by_surrender": 131,
      "lost_surrender_rate": 0.1882183908045977
    },
    "Hugo": {
      "ego_index": 0.5492126114238747,
      "selfish_score": 1.1437550792456719,
      "teamplay_score": 0.7711299841173938,
      "tilt_score": 0.8829375814779824,
      "match_count": 708,
      "avg_kills": 6.0508474576271185,
      "avg_deaths": 5.046610169491525,
      "avg_assists": 8.507062146892656,
      "avg_gold": 12161.700564971752,
      "avg_damage_dealt": 23102.63559322034,
      "avg_vision_score": 17.831920903954803,
      "lost_by_surrender": 114,
      "lost_surrender_rate": 0.16101694915254236
    },
    "Eduardo": {
      "ego_index": -0.325867185018173,
      "selfish_score": 0.7506563631004504,
      "teamplay_score": 1.2780259169036112,
      "tilt_score": 1.0075118439249393,
      "match_count": 664,
      "avg_kills": 3.5060240963855422,
      "avg_deaths": 6.477409638554217,
      "avg_assists": 10.200301204819278,
      "avg_gold": 9654.840361445784,
      "avg_damage_dealt": 14527.302710843374,
      "avg_vision_score": 41.43825301204819,
      "lost_by_surrender": 122,
      "lost_surrender_rate": 0.18373493975903615
    },
    "Dexus": {
      "ego_index": 0.803216443494976,
      "selfish_score": 1.3987855905747928,
      "teamplay_score": 0.7710413737988095,
      "tilt_score": 0.8773611335949636,
      "match_count": 550,
      "avg_kills": 8.409090909090908,
      "avg_deaths": 5.78,
      "avg_assists": 7.356363636363636,
      "avg_gold": 13505.058181818182,
      "avg_damage_dealt": 25556.701818181817,
      "avg_vision_score": 21.334545454545456,
      "lost_by_surrender": 88,
      "lost_surrender_rate": 0.16
    },
    "Dvd": {
      "ego_index": 0.6412080559055169,
      "selfish_score": 1.3243299415042755,
      "teamplay_score": 0.867403681077209,
      "tilt_score": 0.9214089773922517,
      "match_count": 488,
      "avg_kills": 7.508196721311475,
      "avg_deaths": 5.698770491803279,
      "avg_assists": 8.831967213114755,
      "avg_gold": 12789.15368852459,
      "avg_damage_dealt": 26510.89344262295,
      "avg_vision_score": 22.30532786885246,
      "lost_by_surrender": 82,
      "lost_surrender_rate": 0.1680327868852459
    },
    "Spam": {
      "ego_index": 0.20226583067540171,
      "selfish_score": 0.858447422708533,
      "teamplay_score": 0.8763151495128804,
      "tilt_score": 1.1006677873987452,
      "match_count": 553,
      "avg_kills": 4.097649186256781,
      "avg_deaths": 5.658227848101266,
      "avg_assists": 8.448462929475587,
      "avg_gold": 10614.377938517178,
      "avg_damage_dealt": 16931.60036166365,
      "avg_vision_score": 23.98010849909584,
      "lost_by_surrender": 111,
      "lost_surrender_rate": 0.2007233273056058
    },
    "Itzantete": {
      "ego_index": 0.8932948111044026,
      "selfish_score": 1.3693916274186426,
      "teamplay_score": 0.7337804199311819,
      "tilt_score": 1.2884180180847091,
      "match_count": 532,
      "avg_kills": 7.93796992481203,
      "avg_deaths": 5.197368421052632,
      "avg_assists": 7.890977443609023,
      "avg_gold": 12691.800751879699,
      "avg_damage_dealt": 27480.898496240603,
      "avg_vision_score": 17.590225563909776,
      "lost_by_surrender": 125,
      "lost_surrender_rate": 0.2349624060150376
    },
    "Ainara": {
      "ego_index": -0.19747980713745983,
      "selfish_score": 0.5987627969943531,
      "teamplay_score": 1.0524812529621177,
      "tilt_score": 1.281193244151524,
      "match_count": 107,
      "avg_kills": 2.514018691588785,
      "avg_deaths": 5.598130841121495,
      "avg_assists": 7.598130841121495,
      "avg_gold": 9096.869158878504,
      "avg_damage_dealt": 10517.88785046729,
      "avg_vision_score": 36.570093457943926,
      "lost_by_surrender": 25,
      "lost_surrender_rate": 0.2336448598130841
    },
    "Manolito": {
      "ego_index": -0.38997868888231585,
      "selfish_score": 0.7407269661239346,
      "teamplay_score": 1.2941890960487903,
      "tilt_score": 0.817417205212699,
      "match_count": 161,
      "avg_kills": 3.248447204968944,
      "avg_deaths": 6.236024844720497,
      "avg_assists": 12.900621118012422,
      "avg_gold": 9735.732919254659,
      "avg_damage_dealt": 15039.981366459628,
      "avg_vision_score": 34.12422360248447,
      "lost_by_surrender": 24,
      "lost_surrender_rate": 0.14906832298136646
    },
    "Nico": {
      "ego_index": 0.3072983954566382,
      "selfish_score": 1.101167778291446,
      "teamplay_score": 0.9395849557220832,
      "tilt_score": 0.7285778644363771,
      "match_count": 143,
      "avg_kills": 5.265734265734266,
      "avg_deaths": 4.244755244755245,
      "avg_assists": 9.755244755244755,
      "avg_gold": 12064.391608391608,
      "avg_damage_dealt": 24466.53846153846,
      "avg_vision_score": 23.587412587412587,
      "lost_by_surrender": 19,
      "lost_surrender_rate": 0.13286713286713286
    },
    "Lluc": {
      "ego_index": 0.40899211802579105,
      "selfish_score": 0.9706538461670071,
      "teamplay_score": 0.805373154139817,
      "tilt_score": 1.218557129993005,
      "match_count": 81,
      "avg_kills": 4.950617283950617,
      "avg_deaths": 5.246913580246914,
      "avg_assists": 8.0,
      "avg_gold": 10982.95061728395,
      "avg_damage_dealt": 19357.0987654321,
      "avg_vision_score": 21.320987654320987,
      "lost_by_surrender": 18,
      "lost_surrender_rate": 0.2222222222222222
    },
    "Ayna": {
      "ego_index": -0.9294581491920602,
      "selfish_score": 0.6893023150231181,
      "teamplay_score": 1.801544033714129,
      "tilt_score": 0.9139178474947537,
      "match_count": 144,
      "avg_kills": 3.0277777777777777,
      "avg_deaths": 6.104166666666667,
      "avg_assists": 14.090277777777779,
      "avg_gold": 9207.069444444445,
      "avg_damage_dealt": 13705.576388888889,
      "avg_vision_score": 59.291666666666664,
      "lost_by_surrender": 24,
      "lost_surrender_rate": 0.16666666666666666
    },
    "Morocha": {
      "ego_index": 0.6611737026387439,
      "selfish_score": 1.0982838369585513,
      "teamplay_score": 0.5687143043590519,
      "tilt_score": 0.6580208501962227,
      "match_count": 25,
      "avg_kills": 6.24,
      "avg_deaths": 6.84,
      "avg_assists": 5.72,
      "avg_gold": 10685.24,