{
  "source_L1": "L1_q440_min5_pool_ca879f16",
  "generated_at": "2026-03-04 02:16:43",
  "start_date": null,
  "end_date": null,
  "players": {
    "Nico": {
      "avg_kda": 3.5387149917627676,
      "avg_kills": 5.265734265734266,
      "avg_deaths": 4.244755244755245,
      "avg_assists": 9.755244755244755,
      "avg_gold": 12064.391608391608,
      "avg_damage_dealt": 24466.53846153846,
      "avg_damage_taken": 22515.30769230769,
      "avg_vision_score": 23.587412587412587,
      "games": 143,
      "max_kills": {
        "kills": 19,
        "match_id": 7357689765
      },
      "max_deaths": {
        "deaths": 12,
        "match_id": 7417475114
      },
      "max_assists": {
        "assists": 30,
        "match_id": 7417091672
      }
    },
    "Itzantete": {
      "avg_kda": 3.0455696202531644,
      "avg_kills": 7.93796992481203,
      "avg_deaths": 5.197368421052632,
      "avg_assists": 7.890977443609023,
      "avg_gold": 12691.800751879699,
      "avg_damage_dealt": 27480.898496240603,
      "avg_damage_taken": 31674.90037593985,
      "avg_vision_score": 17.590225563909776,
      "games": 532,
      "max_kills": {
        "kills": 28,
        "match_id": 7455718750
      },
      "max_deaths": {
        "deaths": 15,
        "match_id": 7330413520
      },
      "max_assists": {
        "assists": 25,
        "match_id": 7323543672
      }
    },
    "Eduardo": {
      "avg_kda": 2.116019530341781,
      "avg_kills": 3.5060240963855422,
      "avg_deaths": 6.477409638554217,
      "avg_assists": 10.200301204819278,
      "avg_gold": 9654.840361445784,
      "avg_damage_dealt": 14527.302710843374,
      "avg_damage_taken": 25411.536144578313,
      "avg_vision_score": 41.43825301204819,
      "games": 664,
      "max_kills": {
        "kills": 22,
        "match_id": 7299705405
      },
      "max_deaths": {
        "deaths": 17,
        "match_id": 7231235112
      },
      "max_assists": {
        "assists": 39,
        "match_id": 7462388227
      }
    },
    "Hugo": {
      "avg_kda": 2.8846907360761267,
      "avg_kills": 6.0508474576271185,
      "avg_deaths": 5.046610169491525,
      "avg_assists": 8.507062146892656,
      "avg_gold": 12161.700564971752,
      "avg_damage_dealt": 23102.63559322034,
      "avg_damage_taken": 28294.343220338982,
      "avg_vision_score": 17.831920903954803,
      "games": 708,
      "max_kills": {
        "kills": 27,
        "match_id": 7576641022
      },
      "max_deaths": {
        "deaths": 15,
        "match_id": 7524964937
      },
      "max_assists": {
        "assists": 37,
        "match_id": 7323543672
      }
    },
    "Ayna": {
      "avg_kda": 2.8043230944254836,
      "avg_kills": 3.0277777777777777,
      "avg_deaths": 6.104166666666667,
      "avg_assists": 14.090277777777779,
      "avg_gold": 9207.069444444445,
      "avg_damage_dealt": 13705.576388888889,
      "avg_damage_taken": 21945.381944444445,
      "avg_vision_score": 59.291666666666664,
      "games": 144,
      "max_kills": {
        "kills": 14,
        "match_id": 7355104842
      },
      "max_deaths": {
        "deaths": 15,
        "match_id": 7355104842
      },
      "max_assists": {
        "assists": 36,
        "match_id": 7478176797
      }
    },
    "Spam": {
      "avg_kda": 2.2173218280600833,
      "avg_kills": 4.097649186256781,
      "avg_deaths": 5.658227848101266,
      "avg_assists": 8.448462929475587,
      "avg_gold": 10614.377938517178,
      "avg_damage_dealt": 16931.60036166365,
      "avg_damage_taken": 28528.470162748643,
      "avg_vision_score": 23.98010849909584,
      "games": 553,
      "max_kills": {
        "kills": 19,
        "match_id": 7463347381
      },
      "max_deaths": {
        "deaths": 19,
        "match_id": 7301296374
      },
      "max_assists": {
        "assists": 32,
        "match_id": 7439191915
      }
    },
    "Dvd": {
      "avg_kda": 2.867313915857605,
      "avg_kills": 7.508196721311475,
      "avg_deaths": 5.698770491803279,
      "avg_assists": 8.831967213114755,
      "avg_gold": 12789.15368852459,
      "avg_damage_dealt": 26510.89344262295,
      "avg_damage_taken": 29628.32991803279,
      "avg_vision_score": 22.30532786885246,
      "games": 488,
      "max_kills": {
        "kills": 27,
        "match_id": 7433268778
      },
      "max_deaths": {
        "deaths": 15,
        "match_id": 7453312923
      },
      "max_assists": {
        "assists": 36,
        "match_id": 7419249305
      }
    },
    "Carla": {
      "avg_kda": 2.43206381883685,
      "avg_kills": 4.057471264367816,
      "avg_deaths": 5.583333333333333,
      "avg_assists": 9.52155172413793,
      "avg_gold": 10803.400862068966,
      "avg_damage_dealt": 18577.757183908045,
      "avg_damage_taken": 22387.728448275862,
      "avg_vision_score": 33.59770114942529,
      "games": 696,
      "max_kills": {
        "kills": 26,
        "match_id": 7462388227
      },
      "max_deaths": {
        "deaths": 16,
        "match_id": 7221412151
      },
      "max_assists": {
        "assists": 41,
        "match_id": 7218859320
      }
    },
    "Morocha": {
      "avg_kda": 1.7485380116959064,
      "avg_kills": 6.24,
      "avg_deaths": 6.84,
      "avg_assists": 5.72,
      "avg_gold": 10685.24,
      "avg_damage_dealt": 21775.0,
      "avg_damage_taken": 32044.92,
      "avg_vision_score": 14.84,
      "games": 25,
      "max_kills": {
        "kills": 15,
        "match_id": 7586158609
      },
      "max_deaths": {
        "deaths": 17,
        "match_id": 7198817688
      },
      "max_assists": {
        "assists": 21,
        "match_id": 7518216678
      }
    },
    "Lluc": {
      "avg_kda": 2.468235294117647,
      "avg_kills": 4.950617283950617,
      "avg_deaths": 5.246913580246914,
      "avg_assists": 8.0,
      "avg_gold": 10982.95061728395,
      "avg_damage_dealt": 19357.0987654321,
      "avg_damage_taken": 24978.246913580246,
      "avg_vision_score": 21.320987654320987,
      "games": 81,
      "max_kills": {
        "kills": 16,
        "match_id": 7221412151
      },
      "max_deaths": {
        "deaths": 12,
        "match_id": 7493008317
      },
      "max_assists": {
        "assists": 20,
        "match_id": 7500250570
      }
    },
    "Manolito": {
      "avg_kda": 2.589641434262948,
      "avg_kills": 3.248447204968944,
      "avg_deaths": 6.236024844720497,
      "avg_assists": 12.900621118012422,
      "avg_gold": 9735.732919254659,
      "avg_damage_dealt": 15039.981366459628,
      "avg_damage_taken": 31306.875776397515,
      "avg_vision_score": 34.12422360248447,
      "games": 161,
      "max_kills": {
        "kills": 12,
        "match_id": 7204468689
      },
      "max_deaths": {
        "deaths": 13,
        "match_id": 7376600249
      },
      "max_assists": {
        "assists": 37,
        "match_id": 7468458266
      }
    },
    "Fran": {
      "avg_kda": 3.690962099125364,
      "avg_kills": 7.279661016949152,
      "avg_deaths": 4.650847457627119,
      "avg_assists": 9.886440677966101,
      "avg_gold": 12529.833898305085,
      "avg_damage_dealt": 26568.683050847456,
      "avg_damage_taken": 23538.24406779661,
      "avg_vision_score": 29.983050847457626,
      "games": 590,
      "max_kills": {
        "kills": 30,
        "match_id": 7441457338
      },
      "max_deaths": {
        "deaths": 14,
        "match_id": 7467830689
      },
      "max_assists": {
        "assists": 40,
        "match_id": 7489135301
      }
    },
    "Olaf": {
      "avg_kda": 3.216932725199544,
      "avg_kills": 8.023255813953488,
      "avg_deaths": 5.098837209302325,
      "avg_assists": 8.37936046511628,
      "avg_gold": 13110.655523255815,
      "avg_damage_dealt": 28709.06104651163,
      "avg_damage_taken": 30329.802325581397,
      "avg_vision_score": 23.7703488372093,
      "games": 688,
      "max_kills": {
        "kills": 30,
        "match_id": 7603721057
      },
      "max_deaths": {
        "deaths": 13,