{
  "source_L1": "L1_q440_min5_pool_ca879f16",
  "generated_at": "2026-03-04 02:17:03",
  "start_date": null,
  "end_date": null,
  "first_metrics": {
    "Fran": {
      "first_blood_kills": 88,
      "first_blood_kills_rate": 0.14915254237288136,
      "first_blood_assists": 67,
      "first_blood_assists_rate": 0.1135593220338983,
      "first_death_count": 46,
      "first_death_rate": 0.07796610169491526,
      "avg_early_takedowns": 4.8830508474576275,
      "avg_early_gold": 407.65762080165285,
      "avg_early_damage": 828.5221237241964,
      "avg_early_vision": 0.9732170977761627,
      "avg_early_farm": 51.813559322033896,
      "match_count": 590
    },
    "Olaf": {
      "first_blood_kills": 99,
      "first_blood_kills_rate": 0.1438953488372093,
      "first_blood_assists": 58,
      "first_blood_assists_rate": 0.08430232558139535,
      "first_death_count": 67,
      "first_death_rate": 0.09738372093023256,
      "avg_early_takedowns": 4.811046511627907,
      "avg_early_gold": 431.1578089875045,
      "avg_early_damage": 917.8696823886916,
      "avg_early_vision": 0.7789370673553341,
      "avg_early_farm": 50.479651162790695,
      "match_count": 688
    },
    "Carla": {
      "first_blood_kills": 37,
      "first_blood_kills_rate": 0.05316091954022988,
      "first_blood_assists": 62,
      "first_blood_assists_rate": 0.08908045977011494,
      "first_death_count": 59,
      "first_death_rate": 0.08477011494252873,
      "avg_early_takedowns": 3.3936781609195403,
      "avg_early_gold": 351.8097370327452,
      "avg_early_damage": 586.017327003291,
      "avg_early_vision": 1.0777728027386846,
      "avg_early_farm": 43.791666666666664,
      "match_count": 696
    },
    "Hugo": {
      "first_blood_kills": 62,
      "first_blood_kills_rate": 0.08757062146892655,
      "first_blood_assists": 56,
      "first_blood_assists_rate": 0.07909604519774012,
      "first_death_count": 70,
      "first_death_rate": 0.09887005649717515,
      "avg_early_takedowns": 3.8870056497175143,
      "avg_early_gold": 395.3058005728108,
      "avg_early_damage": 725.6320421101127,
      "avg_early_vision": 0.5873658362933266,
      "avg_early_farm": 49.306497175141246,
      "match_count": 708
    },
    "Eduardo": {
      "first_blood_kills": 50,
      "first_blood_kills_rate": 0.07530120481927711,
      "first_blood_assists": 74,
      "first_blood_assists_rate": 0.11144578313253012,
      "first_death_count": 95,
      "first_death_rate": 0.1430722891566265,
      "avg_early_takedowns": 3.6430722891566263,
      "avg_early_gold": 315.1792824591546,
      "avg_early_damage": 461.80654341453527,
      "avg_early_vision": 1.3357801730757943,
      "avg_early_farm": 33.028614457831324,
      "match_count": 664
    },
    "Dexus": {
      "first_blood_kills": 45,
      "first_blood_kills_rate": 0.08181818181818182,
      "first_blood_assists": 19,
      "first_blood_assists_rate": 0.034545454545454546,
      "first_death_count": 54,
      "first_death_rate": 0.09818181818181818,
      "avg_early_takedowns": 4.425454545454546,
      "avg_early_gold": 447.14535402131935,
      "avg_early_damage": 815.1067279307154,
      "avg_early_vision": 0.7148549725515645,
      "avg_early_farm": 15.036363636363637,
      "match_count": 550
    },
    "Dvd": {
      "first_blood_kills": 68,
      "first_blood_kills_rate": 0.13934426229508196,
      "first_blood_assists": 50,
      "first_blood_assists_rate": 0.10245901639344263,
      "first_death_count": 43,
      "first_death_rate": 0.08811475409836066,
      "avg_early_takedowns": 4.719262295081967,
      "avg_early_gold": 423.0653223414483,
      "avg_early_damage": 847.5321954986978,
      "avg_early_vision": 0.7442012106274213,
      "avg_early_farm": 48.52049180327869,
      "match_count": 488
    },
    "Spam": {
      "first_blood_kills": 23,
      "first_blood_kills_rate": 0.04159132007233273,
      "first_blood_assists": 34,
      "first_blood_assists_rate": 0.06148282097649186,
      "first_death_count": 44,
      "first_death_rate": 0.07956600361663653,
      "avg_early_takedowns": 3.4665461121157324,
      "avg_early_gold": 351.77140245254395,
      "avg_early_damage": 539.5669428579209,
      "avg_early_vision": 0.8066128237524685,
      "avg_early_farm": 32.6871609403255,
      "match_count": 553
    },
    "Itzantete": {
      "first_blood_kills": 73,
      "first_blood_kills_rate": 0.13721804511278196,
      "first_blood_assists": 40,
      "first_blood_assists_rate": 0.07518796992481203,
      "first_death_count": 36,
      "first_death_rate": 0.06766917293233082,
      "avg_early_takedowns": 4.5131578947368425,
      "avg_early_gold": 418.17358928797034,
      "avg_early_damage": 876.1196237711599,
      "avg_early_vision": 0.5855838248271209,
      "avg_early_farm": 45.06578947368421,
      "match_count": 532
    },
    "Ainara": {
      "first_blood_kills": 1,
      "first_blood_kills_rate": 0.009345794392523364,
      "first_blood_assists": 8,
      "first_blood_assists_rate": 0.07476635514018691,
      "first_death_count": 9,
      "first_death_rate": 0.08411214953271028,
      "avg_early_takedowns": 2.7757009345794392,
      "avg_early_gold": 294.3080825232585,
      "avg_early_damage": 332.1765187696694,
      "avg_early_vision": 1.1485089914967115,
      "avg_early_farm": 33.074766355140184,
      "match_count": 107
    },
    "Manolito": {
      "first_blood_kills": 12,
      "first_blood_kills_rate": 0.07453416149068323,
      "first_blood_assists": 37,
      "first_blood_assists_rate": 0.22981366459627328,
      "first_death_count": 17,
      "first_death_rate": 0.10559006211180125,
      "avg_early_takedowns": 5.012422360248447,
      "avg_early_gold": 329.2075009696084,
      "avg_early_damage": 490.5245079463775,
      "avg_early_vision": 1.1204801037090584,
      "avg_early_farm": 22.36024844720497,
      "match_count": 161
    },
    "Nico": {
      "first_blood_kills": 4,
      "first_blood_kills_rate": 0.027972027972027972,
      "first_blood_assists": 14,
      "first_blood_assists_rate": 0.0979020979020979,
      "first_death_count": 14,
      "first_death_rate": 0.0979020979020979,
      "avg_early_takedowns": 3.2097902097902096,
      "avg_early_gold": 379.4188972660377,
      "avg_early_damage": 734.3810686360317,
      "avg_early_vision": 0.7430988565424528,
      "avg_early_farm": 59.05594405594405,
      "match_count": 143
    },
    "Lluc": {
      "first_blood_kills": 3,
      "first_blood_kills_rate": 0.037037037037037035,
      "first_blood_assists": 11,
      "first_blood_assists_rate": 0.13580246913580246,
      "first_death_count": 3,
      "first_death_rate": 0.037037037037037035,
      "avg_early_takedowns": 3.6049382716049383,
      "avg_early_gold": 367.37908273259234,
      "avg_early_damage": 605.672827707792,
      "avg_early_vision": 0.7047430009115233,
      "avg_early_farm": 42.01234567901235,
      "match_count": 81
    },
    "Ayna": {
      "first_blood_kills": 7,
      "first_blood_kills_rate": 0.04861111111111111,
      "first_blood_assists": 21,
      "first_blood_assists_rate": 0.14583333333333334,
      "first_death_count": 16,
      "first_death_rate": 0.1111111111111111,
      "avg_early_takedowns": 4.236111111111111,
      "avg_early_gold": 299.6090585178163,
      "avg_early_damage": 431.86163180765857,
      "avg_early_vision": 1.8856116180535212,
      "avg_early_farm": 21.131944444444443,
      "match_count": 144
    },
    "Morocha": {
      "first_blood_kills": 2,
      "first_blood_kills_rate": 0.08,
      "first_blood_assists": 2,
      "first_blood_assists_rate": 0.08,
      "first_death_count": 4,
      "first_death_rate": 0.16,
      "avg_early_takedowns": 4.32,
      "avg_early_gold": 372.0686670499581,
      "avg_early_damage": 735.8525286426311,
      "avg_early_vision": 0.532580008681639,
      "avg_early_farm": 42.96,
      "match_count": 25
    },
    "Paellita": {
      "first_blood_kills": 1,