{
  "Nikken": {
    "avg_kda": 3.574202496532594,
    "avg_kills": 5.704142011834319,
    "avg_deaths": 4.266272189349112,
    "avg_assists": 9.544378698224852,
    "avg_gold": 12279.650887573964,
    "avg_damage_dealt": 26081.165680473372,
    "avg_damage_taken": 22404.952662721895,
    "avg_vision_score": 23.242603550295858,
    "max_kills": {
      "kills": 19,
      "match_id": 7357689765
    },
    "max_deaths": {
      "deaths": 12,
      "match_id": 7417475114
    },
    "max_assists": {
      "assists": 30,
      "match_id": 7417091672
    }
  },
  "maibad": {
    "avg_kda": 3.0721153846153846,
    "avg_kills": 8.007168458781361,
    "avg_deaths": 5.218637992831542,
    "avg_assists": 8.025089605734767,
    "avg_gold": 12727.874551971327,
    "avg_damage_dealt": 27505.283154121862,
    "avg_damage_taken": 32000.435483870966,
    "avg_vision_score": 17.684587813620073,
    "max_kills": {
      "kills": 28,
      "match_id": 7455718750
    },
    "max_deaths": {
      "deaths": 15,
      "match_id": 7330413520
    },
    "max_assists": {
      "assists": 26,
      "match_id": 7241497752
    }
  },
  "TheChosenUndead": {
    "avg_kda": 2.1231288214210418,
    "avg_kills": 3.522448979591837,
    "avg_deaths": 6.453061224489796,
    "avg_assists": 10.178231292517006,
    "avg_gold": 9664.248979591837,
    "avg_damage_dealt": 14564.119727891157,
    "avg_damage_taken": 25620.33469387755,
    "avg_vision_score": 40.948299319727894,
    "max_kills": {
      "kills": 22,
      "match_id": 7299705405
    },
    "max_deaths": {
      "deaths": 17,
      "match_id": 7231235112
    },
    "max_assists": {
      "assists": 39,
      "match_id": 7462388227
    }
  },
  "Bustamantefanboy": {
    "avg_kda": 3.06269592476489,
    "avg_kills": 8.64406779661017,
    "avg_deaths": 5.406779661016949,
    "avg_assists": 7.915254237288136,
    "avg_gold": 13492.694915254237,
    "avg_damage_dealt": 28576.593220338982,
    "avg_damage_taken": 33388.64406779661,
    "avg_vision_score": 19.322033898305083,
    "max_kills": {
      "kills": 25,
      "match_id": 7601801493
    },
    "max_deaths": {
      "deaths": 13,
      "match_id": 7601801493
    },
    "max_assists": {
      "assists": 20,
      "match_id": 7603721057
    }
  },
  "Däzzler": {
    "avg_kda": 2.915492957746479,
    "avg_kills": 3.085889570552147,
    "avg_deaths": 6.098159509202454,
    "avg_assists": 14.693251533742332,
    "avg_gold": 9306.36809815951,
    "avg_damage_dealt": 13731.306748466257,
    "avg_damage_taken": 22157.306748466257,
    "avg_vision_score": 61.11656441717791,
    "max_kills": {
      "kills": 14,
      "match_id": 7355104842
    },
    "max_deaths": {
      "deaths": 15,
      "match_id": 7355104842
    },
    "max_assists": {
      "assists": 36,
      "match_id": 7478176797
    }
  },
  "Joseph Joestar": {
    "avg_kda": 2.206814814814815,
    "avg_kills": 4.1624790619765495,
    "avg_deaths": 5.653266331658291,
    "avg_assists": 8.31323283082077,
    "avg_gold": 10694.00837520938,
    "avg_damage_dealt": 17169.68676716918,
    "avg_damage_taken": 28736.108877721945,
    "avg_vision_score": 23.485762144053602,
    "max_kills": {
      "kills": 19,
      "match_id": 7463347381
    },
    "max_deaths": {
      "deaths": 19,
      "match_id": 7301296374
    },
    "max_assists": {
      "assists": 32,
      "match_id": 7439191915
    }
  },
  "gokusito": {
    "avg_kda": 1.763157894736842,
    "avg_kills": 4.982456140350878,
    "avg_deaths": 6.666666666666667,
    "avg_assists": 6.771929824561403,
    "avg_gold": 11482.894736842105,
    "avg_damage_dealt": 16696.298245614034,
    "avg_damage_taken": 33662.9649122807,
    "avg_vision_score": 15.543859649122806,
    "max_kills": {
      "kills": 14,
      "match_id": 7210184238
    },
    "max_deaths": {
      "deaths": 15,
      "match_id": 7204111359
    },
    "max_assists": {
      "assists": 21,
      "match_id": 7223006752
    }
  },
  "FUSHROHDAH": {
    "avg_kda": 2.544592030360531,
    "avg_kills": 5.121212121212121,
    "avg_deaths": 5.3232323232323235,
    "avg_assists": 8.424242424242424,
    "avg_gold": 11245.020202020201,
    "avg_damage_dealt": 20666.454545454544,
    "avg_damage_taken": 26628.696969696968,
    "avg_vision_score": 21.97979797979798,
    "max_kills": {
      "kills": 16,
      "match_id": 7221412151
    },
    "max_deaths": {
      "deaths": 12,
      "match_id": 7493008317
    },
    "max_assists": {
      "assists": 21,
      "match_id": 7221899450
    }
  },
  "SN Bin": {
    "avg_kda": 2.903157894736842,
    "avg_kills": 7.708,
    "avg_deaths": 5.7,
    "avg_assists": 8.84,
    "avg_gold": 12858.98,
    "avg_damage_dealt": 26943.5,
    "avg_damage_taken": 30057.284,
    "avg_vision_score": 22.33,
    "max_kills": {
      "kills": 27,
      "match_id": 7433268778
    },
    "max_deaths": {
      "deaths": 15,
      "match_id": 7453312923
    },
    "max_assists": {
      "assists": 36,
      "match_id": 7419249305
    }
  },
  "Banshee": {
    "avg_kda": 2.675531914893617,
    "avg_kills": 6.584615384615384,
    "avg_deaths": 5.7846153846153845,
    "avg_assists": 8.892307692307693,
    "avg_gold": 12171.338461538462,
    "avg_damage_dealt": 23488.26153846154,
    "avg_damage_taken": 25699.584615384614,
    "avg_vision_score": 22.523076923076925,
    "max_kills": {
      "kills": 22,
      "match_id": 7309264546
    },
    "max_deaths": {
      "deaths": 15,
      "match_id": 7224357615
    },
    "max_assists": {
      "assists": 30,
      "match_id": 7224385236
    }
  },
  "Morocha": {
    "avg_kda": 1.6289752650176679,
    "avg_kills": 6.297297297297297,
    "avg_deaths": 7.648648648648648,
    "avg_assists": 6.162162162162162,
    "avg_gold": 10687.108108108108,
    "avg_damage_dealt": 22645.972972972973,
    "avg_damage_taken": 32935.02702702703,
    "avg_vision_score": 15.513513513513514,
    "max_kills": {
      "kills": 17,
      "match_id": 7201983688
    },
    "max_deaths": {
      "deaths": 17,
      "match_id": 7198817688
    },
    "max_assists": {
      "assists": 21,
      "match_id": 7518216678
    }
  },
  "En Vlc No F0II0": {
    "avg_kda": 2.642095053346266,
    "avg_kills": 3.5476190476190474,
    "avg_deaths": 6.136904761904762,
    "avg_assists": 12.666666666666666,
    "avg_gold": 9915.988095238095,
    "avg_damage_dealt": 15641.410714285714,
    "avg_damage_taken": 32183.39285714286,
    "avg_vision_score": 33.26190476190476,
    "max_kills": {
      "kills": 16,
      "match_id": 7211982637
    },
    "max_deaths": {
      "deaths": 13,
      "match_id": 7376600249
    },
    "max_assists": {
      "assists": 37,
      "match_id": 7468458266
    }
  },
  "Frieren": {
    "avg_kda": 4.483870967741935,
    "avg_kills": 7.5,
    "avg_deaths": 5.166666666666667,
    "avg_assists": 15.666666666666666,
    "avg_gold": 13549.5,
    "avg_damage_dealt": 32324.333333333332,
    "avg_damage_taken": 34732.833333333336,
    "avg_vision_score": 33.833333333333336,
    "max_kills": {
      "kills": 12,
      "match_id": 7538008188
    },
    "max_deaths": {
      "deaths": 9,
      "match_id": 7536710611
    },
    "max_assists": {
      "assists": 21,
      "match_id": 7548774116
    }
  },
  "DETOXED": {
    "avg_kda": 4.463414634146342,
    "avg_kills": 7.603448275862069,
    "avg_deaths": 4.241379310344827,
    "avg_assists": 11.327586206896552,
    "avg_gold": 13373.775862068966,
    "avg_damage_dealt": 27602.758620689656,
    "avg_damage_taken": 36796.01724137931,
    "avg_vision_score": 25.5,
    "max_kills": {
      "kills": 19,
      "match_id": 7210714270
    },
    "max_deaths": {
      "deaths": 9,
      "match_id": 7223006752
    },
    "max_assists": {
      "assists": 41,
      "match_id": 7241497752
    }
  },
  "Kyoraku": {
    "avg_kda": 4.142857142857143,
    "avg_kills": 9.5,
    "avg_deaths": 4.15625,
    "avg_assists": 7.71875,
    "avg_gold": 14287.84375,
    "avg_damage_dealt": 31811.21875,
    "avg_damage_taken": 28602.0,