{
  "Frieren": {
    "avg_Q": 122.8346994535519,
    "avg_W": 66.4603825136612,
    "avg_E": 49.666666666666664,
    "avg_R": 16.191256830601095,
    "max_Q": 643,
    "max_W": 337,
    "max_E": 321,
    "max_R": 263,
    "matches": 732
  },
  "Kyoraku": {
    "avg_Q": 140.69628647214853,
    "avg_W": 59.19628647214854,
    "avg_E": 67.13129973474801,
    "avg_R": 15.356763925729442,
    "max_Q": 1090,
    "max_W": 309,
    "max_E": 594,
    "max_R": 549,
    "matches": 754
  },
  "Banshee": {
    "avg_Q": 101.66743916570104,
    "avg_W": 67.43337195828505,
    "avg_E": 63.38818076477404,
    "avg_R": 15.811123986095017,
    "max_Q": 369,
    "max_W": 285,
    "max_E": 542,
    "max_R": 130,
    "matches": 863
  },
  "Bustamantefanboy": {
    "avg_Q": 154.2102908277405,
    "avg_W": 49.94519015659955,
    "avg_E": 65.33221476510067,
    "avg_R": 11.710290827740492,
    "max_Q": 886,
    "max_W": 289,
    "max_E": 640,
    "max_R": 134,
    "matches": 894
  },
  "Dexus": {
    "avg_Q": 143.4016393442623,
    "avg_W": 51.122950819672134,
    "avg_E": 117.60655737704919,
    "avg_R": 23.439344262295084,
    "max_Q": 1047,
    "max_W": 255,
    "max_E": 292,
    "max_R": 271,
    "matches": 610
  },
  "SN Bin": {
    "avg_Q": 112.01013513513513,
    "avg_W": 50.501689189189186,
    "avg_E": 55.13175675675676,
    "avg_R": 12.037162162162161,
    "max_Q": 781,
    "max_W": 260,
    "max_E": 257,
    "max_R": 144,
    "matches": 592
  },
  "Joseph Joestar": {
    "avg_Q": 113.99184782608695,
    "avg_W": 58.96195652173913,
    "avg_E": 60.03125,
    "avg_R": 10.887228260869565,
    "max_Q": 415,
    "max_W": 254,
    "max_E": 236,
    "max_R": 123,
    "matches": 736
  },
  "TheChosenUndead": {
    "avg_Q": 86.83487297921478,
    "avg_W": 42.0796766743649,
    "avg_E": 52.37066974595843,
    "avg_R": 10.676674364896074,
    "max_Q": 367,
    "max_W": 247,
    "max_E": 277,
    "max_R": 149,
    "matches": 866
  },
  "maibad": {
    "avg_Q": 134.7968503937008,
    "avg_W": 81.9228346456693,
    "avg_E": 72.10393700787401,
    "avg_R": 14.809448818897637,
    "max_Q": 417,
    "max_W": 299,
    "max_E": 236,
    "max_R": 204,
    "matches": 635
  },
  "Kayki マ": {
    "avg_Q": 70.03571428571429,
    "avg_W": 42.589285714285715,
    "avg_E": 34.776785714285715,
    "avg_R": 4.928571428571429,
    "max_Q": 179,
    "max_W": 166,
    "max_E": 122,
    "max_R": 30,
    "matches": 112
  },
  "En Vlc No F0II0": {
    "avg_Q": 90.58293838862559,
    "avg_W": 59.44549763033175,
    "avg_E": 74.83412322274881,
    "avg_R": 9.04739336492891,
    "max_Q": 356,
    "max_W": 350,
    "max_E": 291,
    "max_R": 35,
    "matches": 211
  },
  "Nikken": {
    "avg_Q": 139.11219512195123,
    "avg_W": 67.74634146341464,
    "avg_E": 60.94634146341463,
    "avg_R": 10.15609756097561,
    "max_Q": 546,
    "max_W": 156,
    "max_E": 141,
    "max_R": 67,
    "matches": 205
  },
  "FUSHROHDAH": {
    "avg_Q": 85.1655172413793,
    "avg_W": 56.220689655172414,
    "avg_E": 51.37931034482759,
    "avg_R": 14.379310344827585,
    "max_Q": 268,
    "max_W": 304,
    "max_E": 229,
    "max_R": 115,
    "matches": 145
  },
  "Däzzler": {
    "avg_Q": 79.655,
    "avg_W": 60.49,
    "avg_E": 66.44,
    "avg_R": 9.425,
    "max_Q": 222,
    "max_W": 202,
    "max_E": 188,
    "max_R": 62,
    "matches": 200
  },
  "Morocha": {
    "avg_Q": 90.0377358490566,
    "avg_W": 52.886792452830186,
    "avg_E": 56.264150943396224,
    "avg_R": 12.075471698113208,
    "max_Q": 364,
    "max_W": 115,
    "max_E": 244,
    "max_R": 86,
    "matches": 53
  },
  "Lady Maria": {
    "avg_Q": 29.91891891891892,
    "avg_W": 42.972972972972975,
    "avg_E": 40.432432432432435,
    "avg_R": 7.297297297297297,
    "max_Q": 60,
    "max_W": 95,
    "max_E": 81,
    "max_R": 15,
    "matches": 37
  },
  "gokusito": {
    "avg_Q": 92.25,
    "avg_W": 51.51086956521739,
    "avg_E": 40.57608695652174,
    "avg_R": 8.619565217391305,
    "max_Q": 366,
    "max_W": 199,
    "max_E": 117,
    "max_R": 130,
    "matches": 92
  },
  "DETOXED": {
    "avg_Q": 162.55555555555554,
    "avg_W": 97.74444444444444,
    "avg_E": 93.65555555555555,
    "avg_R": 22.555555555555557,
    "max_Q": 405,
    "max_W": 387,
    "max_E": 271,
    "max_R": 363,
    "matches": 90
  },
  "ñoki": {
    "avg_Q": 41.7037037037037,
    "avg_W": 31.35185185185185,
    "avg_E": 60.351851851851855,
    "avg_R": 7.666666666666667,
    "max_Q": 97,
    "max_W": 134,
    "max_E": 184,
    "max_R": 21,
    "matches": 54
  }
}