{
  "source_L1": "L1_q440_min4_pool_ac89fa8d",
  "generated_at": "2025-12-07 03:47:50",
  "start_date": null,
  "end_date": null,
  "skills": {
    "Frieren": {
      "avg_Q": 122.41820580474933,
      "avg_W": 66.00923482849605,
      "avg_E": 49.901055408970976,
      "avg_R": 16.154353562005277,
      "max_Q": 643,
      "max_W": 337,
      "max_E": 321,
      "max_R": 263,
      "matches": 758
    },
    "Kyoraku": {
      "avg_Q": 139.9327296248383,
      "avg_W": 59.05433376455369,
      "avg_E": 67.21345407503235,
      "avg_R": 15.219922380336351,
      "max_Q": 1090,
      "max_W": 309,
      "max_E": 594,
      "max_R": 549,
      "matches": 773
    },
    "Banshee": {
      "avg_Q": 101.89874857792947,
      "avg_W": 68.0967007963595,
      "avg_E": 63.153583617747444,
      "avg_R": 15.806598407281001,
      "max_Q": 369,
      "max_W": 285,
      "max_E": 542,
      "max_R": 130,
      "matches": 879
    },
    "Bustamantefanboy": {
      "avg_Q": 153.52035203520353,
      "avg_W": 49.94499449944995,
      "avg_E": 65.74257425742574,
      "avg_R": 11.710671067106711,
      "max_Q": 886,
      "max_W": 289,
      "max_E": 640,
      "max_R": 134,
      "matches": 909
    },
    "Dexus": {
      "avg_Q": 143.1955835962145,
      "avg_W": 51.078864353312305,
      "avg_E": 117.78075709779179,
      "avg_R": 23.028391167192428,
      "max_Q": 1047,
      "max_W": 255,
      "max_E": 292,
      "max_R": 271,
      "matches": 634
    },
    "SN Bin": {
      "avg_Q": 112.01013513513513,
      "avg_W": 50.501689189189186,
      "avg_E": 55.13175675675676,
      "avg_R": 12.037162162162161,
      "max_Q": 781,
      "max_W": 260,
      "max_E": 257,
      "max_R": 144,
      "matches": 592
    },
    "Joseph Joestar": {
      "avg_Q": 114.92894736842105,
      "avg_W": 58.963157894736845,
      "avg_E": 60.35921052631579,
      "avg_R": 10.914473684210526,
      "max_Q": 415,
      "max_W": 254,
      "max_E": 236,
      "max_R": 123,
      "matches": 760
    },
    "TheChosenUndead": {
      "avg_Q": 86.56193693693693,
      "avg_W": 42.020270270270274,
      "avg_E": 52.380630630630634,
      "avg_R": 10.602477477477477,
      "max_Q": 367,
      "max_W": 247,
      "max_E": 277,
      "max_R": 149,
      "matches": 888
    },
    "maibad": {
      "avg_Q": 134.7968503937008,
      "avg_W": 81.9228346456693,
      "avg_E": 72.10393700787401,
      "avg_R": 14.809448818897637,
      "max_Q": 417,
      "max_W": 299,
      "max_E": 236,
      "max_R": 204,
      "matches": 635
    },
    "Kayki マ": {
      "avg_Q": 70.36585365853658,
      "avg_W": 43.47154471544715,
      "avg_E": 36.983739837398375,
      "avg_R": 5.975609756097561,
      "max_Q": 179,
      "max_W": 166,
      "max_E": 209,
      "max_R": 45,
      "matches": 123
    },
    "En Vlc No F0II0": {
      "avg_Q": 89.94954128440367,
      "avg_W": 59.0045871559633,
      "avg_E": 73.96330275229357,
      "avg_R": 9.041284403669724,
      "max_Q": 356,
      "max_W": 350,
      "max_E": 291,
      "max_R": 35,
      "matches": 218
    },
    "Nikken": {
      "avg_Q": 139.11219512195123,
      "avg_W": 67.74634146341464,
      "avg_E": 60.94634146341463,
      "avg_R": 10.15609756097561,
      "max_Q": 546,
      "max_W": 156,
      "max_E": 141,
      "max_R": 67,
      "matches": 205
    },
    "FUSHROHDAH": {
      "avg_Q": 85.1655172413793,
      "avg_W": 56.220689655172414,
      "avg_E": 51.37931034482759,
      "avg_R": 14.379310344827585,
      "max_Q": 268,
      "max_W": 304,
      "max_E": 229,
      "max_R": 115,
      "matches": 145
    },
    "Däzzler": {
      "avg_Q": 80.29268292682927,
      "avg_W": 60.65365853658537,
      "avg_E": 66.86341463414634,
      "avg_R": 9.760975609756098,
      "max_Q": 223,
      "max_W": 202,
      "max_E": 188,
      "max_R": 80,
      "matches": 205
    },
    "Morocha": {
      "avg_Q": 90.0377358490566,
      "avg_W": 52.886792452830186,
      "avg_E": 56.264150943396224,
      "avg_R": 12.075471698113208,
      "max_Q": 364,
      "max_W": 115,
      "max_E": 244,
      "max_R": 86,
      "matches": 53
    },
    "Lady Maria": {
      "avg_Q": 29.974358974358974,
      "avg_W": 44.61538461538461,
      "avg_E": 41.56410256410256,
      "avg_R": 7.487179487179487,
      "max_Q": 60,
      "max_W": 95,
      "max_E": 81,
      "max_R": 16,
      "matches": 39
    },
    "gokusito": {
      "avg_Q": 92.25,
      "avg_W": 51.51086956521739,
      "avg_E": 40.57608695652174,
      "avg_R": 8.619565217391305,
      "max_Q": 366,
      "max_W": 199,
      "max_E": 117,
      "max_R": 130,
      "matches": 92
    },
    "DETOXED": {
      "avg_Q": 162.55555555555554,
      "avg_W": 97.74444444444444,
      "avg_E": 93.65555555555555,
      "avg_R": 22.555555555555557,
      "max_Q": 405,
      "max_W": 387,
      "max_E": 271,
      "max_R": 363,
      "matches": 90
    },
    "ñoki": {
      "avg_Q": 41.7037037037037,
      "avg_W": 31.35185185185185,
      "avg_E": 60.351851851851855,
      "avg_R": 7.666666666666667,
      "max_Q": 97,
      "max_W": 134,
      "max_E": 184,
      "max_R": 21,
      "matches": 54
    }
  }
}