{
  "Bustamantefanboy": {
    "avg_kda": 3.0756302521008405,
    "avg_kills": 8.738461538461538,
    "avg_deaths": 5.492307692307692,
    "avg_assists": 8.153846153846153,
    "avg_gold": 13538.23076923077,
    "avg_damage_dealt": 28490.953846153847,
    "avg_damage_taken": 33807.06153846154,
    "avg_vision_score": 19.83076923076923,
    "max_kills": {
      "kills": 25,
      "match_id": 7601801493
    },
    "max_deaths": {
      "deaths": 13,
      "match_id": 7601801493
    },
    "max_assists": {
      "assists": 29,
      "match_id": 7620623870
    }
  },
  "TheChosenUndead": {
    "avg_kda": 2.1380935754189943,
    "avg_kills": 3.7013574660633486,
    "avg_deaths": 6.479638009049774,
    "avg_assists": 10.152714932126697,
    "avg_gold": 9753.52036199095,
    "avg_damage_dealt": 14932.805429864253,
    "avg_damage_taken": 25861.03846153846,
    "avg_vision_score": 39.91968325791855,
    "max_kills": {
      "kills": 27,
      "match_id": 7301623222
    },
    "max_deaths": {
      "deaths": 17,
      "match_id": 7231235112
    },
    "max_assists": {
      "assists": 39,
      "match_id": 7462388227
    }
  },
  "maibad": {
    "avg_kda": 3.103919239904988,
    "avg_kills": 8.275590551181102,
    "avg_deaths": 5.303937007874016,
    "avg_assists": 8.18740157480315,
    "avg_gold": 12855.058267716535,
    "avg_damage_dealt": 27795.776377952756,
    "avg_damage_taken": 32529.814173228347,
    "avg_vision_score": 17.955905511811025,
    "max_kills": {
      "kills": 28,
      "match_id": 7184073522
    },
    "max_deaths": {
      "deaths": 17,
      "match_id": 7207995203
    },
    "max_assists": {
      "assists": 26,
      "match_id": 7241497752
    }
  },
  "Däzzler": {
    "avg_kda": 2.8961748633879782,
    "avg_kills": 3.029268292682927,
    "avg_deaths": 6.248780487804878,
    "avg_assists": 15.06829268292683,
    "avg_gold": 9273.453658536586,
    "avg_damage_dealt": 13550.336585365854,
    "avg_damage_taken": 22210.83414634146,
    "avg_vision_score": 61.34634146341463,
    "max_kills": {
      "kills": 14,
      "match_id": 7355104842
    },
    "max_deaths": {
      "deaths": 15,
      "match_id": 7355104842
    },
    "max_assists": {
      "assists": 47,
      "match_id": 7301623222
    }
  },
  "Nikken": {
    "avg_kda": 3.4988789237668163,
    "avg_kills": 5.84390243902439,
    "avg_deaths": 4.351219512195122,
    "avg_assists": 9.38048780487805,
    "avg_gold": 12361.38536585366,
    "avg_damage_dealt": 26880.829268292684,
    "avg_damage_taken": 22259.517073170733,
    "avg_vision_score": 22.931707317073172,
    "max_kills": {
      "kills": 20,
      "match_id": 7398440936
    },
    "max_deaths": {
      "deaths": 12,
      "match_id": 7417475114
    },
    "max_assists": {
      "assists": 30,
      "match_id": 7417091672
    }
  },
  "Morocha": {
    "avg_kda": 1.6674698795180722,
    "avg_kills": 6.471698113207547,
    "avg_deaths": 7.830188679245283,
    "avg_assists": 6.584905660377358,
    "avg_gold": 10524.641509433963,
    "avg_damage_dealt": 22344.735849056604,
    "avg_damage_taken": 31718.245283018867,
    "avg_vision_score": 16.547169811320753,
    "max_kills": {
      "kills": 17,
      "match_id": 7201983688
    },
    "max_deaths": {
      "deaths": 19,
      "match_id": 7185879429
    },
    "max_assists": {
      "assists": 21,
      "match_id": 7518216678
    }
  },
  "FUSHROHDAH": {
    "avg_kda": 2.7302452316076296,
    "avg_kills": 5.36551724137931,
    "avg_deaths": 5.062068965517241,
    "avg_assists": 8.455172413793104,
    "avg_gold": 11281.986206896552,
    "avg_damage_dealt": 20967.124137931034,
    "avg_damage_taken": 25700.089655172414,
    "avg_vision_score": 22.20689655172414,
    "max_kills": {
      "kills": 17,
      "match_id": 7216405103
    },
    "max_deaths": {
      "deaths": 12,
      "match_id": 7474568216
    },
    "max_assists": {
      "assists": 21,
      "match_id": 7221899450
    }
  },
  "SN Bin": {
    "avg_kda": 2.9627643729520403,
    "avg_kills": 7.983108108108108,
    "avg_deaths": 5.670608108108108,
    "avg_assists": 8.817567567567568,
    "avg_gold": 12906.611486486487,
    "avg_damage_dealt": 27501.974662162163,
    "avg_damage_taken": 30137.511824324323,
    "avg_vision_score": 22.1722972972973,
    "max_kills": {
      "kills": 29,
      "match_id": 7328344896
    },
    "max_deaths": {
      "deaths": 15,
      "match_id": 7453312923
    },
    "max_assists": {
      "assists": 36,
      "match_id": 7419249305
    }
  },
  "Joseph Joestar": {
    "avg_kda": 2.1971864009378663,
    "avg_kills": 4.098013245033113,
    "avg_deaths": 5.6490066225165565,
    "avg_assists": 8.313907284768211,
    "avg_gold": 10641.275496688742,
    "avg_damage_dealt": 17324.34834437086,
    "avg_damage_taken": 28176.891390728477,
    "avg_vision_score": 22.933774834437084,
    "max_kills": {
      "kills": 19,
      "match_id": 7463347381
    },
    "max_deaths": {
      "deaths": 19,
      "match_id": 7301296374
    },
    "max_assists": {
      "assists": 32,
      "match_id": 7439191915
    }
  },
  "gokusito": {
    "avg_kda": 1.6105769230769231,
    "avg_kills": 4.576086956521739,
    "avg_deaths": 6.782608695652174,
    "avg_assists": 6.3478260869565215,
    "avg_gold": 10775.5,
    "avg_damage_dealt": 15523.228260869566,
    "avg_damage_taken": 32363.695652173912,
    "avg_vision_score": 13.978260869565217,
    "max_kills": {
      "kills": 22,
      "match_id": 7230132426
    },
    "max_deaths": {
      "deaths": 15,
      "match_id": 7204111359
    },
    "max_assists": {
      "assists": 21,
      "match_id": 7223006752
    }
  },
  "Banshee": {
    "avg_kda": 2.6112224448897794,
    "avg_kills": 6.395348837209302,
    "avg_deaths": 5.8023255813953485,
    "avg_assists": 8.755813953488373,
    "avg_gold": 12030.0,
    "avg_damage_dealt": 23358.20930232558,
    "avg_damage_taken": 25284.627906976744,
    "avg_vision_score": 22.86046511627907,
    "max_kills": {
      "kills": 22,
      "match_id": 7309264546
    },
    "max_deaths": {
      "deaths": 15,
      "match_id": 7224357615
    },
    "max_assists": {
      "assists": 30,
      "match_id": 7224385236
    }
  },
  "En Vlc No F0II0": {
    "avg_kda": 2.790161414296695,
    "avg_kills": 3.6451612903225805,
    "avg_deaths": 5.9953917050691246,
    "avg_assists": 13.08294930875576,
    "avg_gold": 9971.465437788018,
    "avg_damage_dealt": 15898.410138248848,
    "avg_damage_taken": 31568.84792626728,
    "avg_vision_score": 35.115207373271886,
    "max_kills": {
      "kills": 16,
      "match_id": 7211982637
    },
    "max_deaths": {
      "deaths": 15,
      "match_id": 7328344896
    },
    "max_assists": {
      "assists": 37,
      "match_id": 7468458266
    }
  },
  "Frieren": {
    "avg_kda": 4.25531914893617,
    "avg_kills": 6.666666666666667,
    "avg_deaths": 5.222222222222222,
    "avg_assists": 15.555555555555555,
    "avg_gold": 13061.222222222223,
    "avg_damage_dealt": 27188.88888888889,
    "avg_damage_taken": 35106.22222222222,
    "avg_vision_score": 37.22222222222222,
    "max_kills": {
      "kills": 12,
      "match_id": 7538008188
    },
    "max_deaths": {
      "deaths": 9,
      "match_id": 7536710611
    },
    "max_assists": {
      "assists": 22,
      "match_id": 7539683277
    }
  },
  "DETOXED": {
    "avg_kda": 4.07012987012987,
    "avg_kills": 7.2555555555555555,
    "avg_deaths": 4.277777777777778,
    "avg_assists": 10.155555555555555,
    "avg_gold": 13029.355555555556,
    "avg_damage_dealt": 26885.6,
    "avg_damage_taken": 34755.46666666667,
    "avg_vision_score": 24.8,
    "max_kills": {
      "kills": 21,
      "match_id": 7277080449
    },
    "max_deaths": {
      "deaths": 12,
      "match_id": 7241012947
    },
    "max_assists": {
      "assists": 41,
      "match_id": 7241497752
    }
  },
  "Kyoraku": {
    "avg_kda": 4.056962025316456,
    "avg_kills": 10.13888888888889,
    "avg_deaths": 4.388888888888889,
    "avg_assists": 7.666666666666667,