{
  "source_L1": "L1_q440_min4_pool_ac89fa8d",
  "generated_at": "2025-12-02 00:24:59",
  "start_date": null,
  "end_date": null,
  "ego": {
    "Frieren": {
      "ego_index": 0.3958596630118898,
      "selfish_score": 1.3017081675025983,
      "teamplay_score": 1.0920658811676818,
      "tilt_score": 0.931086883384866,
      "match_count": 751,
      "avg_kills": 7.37017310252996,
      "avg_deaths": 4.6644474034620504,
      "avg_assists": 9.99733688415446,
      "avg_gold": 12535.672436750998,
      "avg_damage_dealt": 26751.564580559254,
      "avg_vision_score": 30.77896138482024,
      "lost_by_surrender": 140,
      "lost_surrender_rate": 0.18641810918774968
    },
    "Kyoraku": {
      "ego_index": 0.6833702687500864,
      "selfish_score": 1.4131859370101703,
      "teamplay_score": 0.8814032376178345,
      "tilt_score": 0.7579378467887531,
      "match_count": 771,
      "avg_kills": 8.211413748378728,
      "avg_deaths": 4.985732814526589,
      "avg_assists": 8.463035019455253,
      "avg_gold": 13139.11802853437,
      "avg_damage_dealt": 28829.608300907912,
      "avg_vision_score": 23.66277561608301,
      "lost_by_surrender": 117,
      "lost_surrender_rate": 0.1517509727626459
    },
    "Banshee": {
      "ego_index": 0.0401677551910708,
      "selfish_score": 0.9023690212144048,
      "teamplay_score": 1.0645003607400716,
      "tilt_score": 1.011495473583688,
      "match_count": 874,
      "avg_kills": 4.204805491990847,
      "avg_deaths": 5.684210526315789,
      "avg_assists": 9.252860411899313,
      "avg_gold": 10866.0057208238,
      "avg_damage_dealt": 19186.338672768878,
      "avg_vision_score": 31.473684210526315,
      "lost_by_surrender": 177,
      "lost_surrender_rate": 0.20251716247139587
    },
    "Bustamantefanboy": {
      "ego_index": 0.5539833942487336,
      "selfish_score": 1.1658556895991758,
      "teamplay_score": 0.7796472439094781,
      "tilt_score": 0.8388747427951793,
      "match_count": 905,
      "avg_kills": 6.299447513812154,
      "avg_deaths": 5.0,
      "avg_assists": 8.630939226519336,
      "avg_gold": 12304.05635359116,
      "avg_damage_dealt": 23538.861878453037,
      "avg_vision_score": 17.507182320441988,
      "lost_by_surrender": 152,
      "lost_surrender_rate": 0.16795580110497238
    },
    "Dexus": {
      "ego_index": 0.7694598384794995,
      "selfish_score": 1.3772972779499575,
      "teamplay_score": 0.7740582621902101,
      "tilt_score": 0.8311041135987608,
      "match_count": 625,
      "avg_kills": 8.288,
      "avg_deaths": 5.8752,
      "avg_assists": 7.3168,
      "avg_gold": 13442.6864,
      "avg_damage_dealt": 25502.848,
      "avg_vision_score": 21.1264,
      "lost_by_surrender": 104,
      "lost_surrender_rate": 0.1664
    },
    "SN Bin": {
      "ego_index": 0.6731165528936927,
      "selfish_score": 1.3696010185114944,
      "teamplay_score": 0.8736583463835199,
      "tilt_score": 0.8858694038285907,
      "match_count": 592,
      "avg_kills": 7.983108108108108,
      "avg_deaths": 5.670608108108108,
      "avg_assists": 8.817567567567568,
      "avg_gold": 12906.611486486487,
      "avg_damage_dealt": 27501.974662162163,
      "avg_vision_score": 22.1722972972973,
      "lost_by_surrender": 105,
      "lost_surrender_rate": 0.17736486486486486
    },
    "Joseph Joestar": {
      "ego_index": 0.21957807125495465,
      "selfish_score": 0.8602029563576102,
      "teamplay_score": 0.8602556843534743,
      "tilt_score": 1.0981539962540936,
      "match_count": 755,
      "avg_kills": 4.098013245033113,
      "avg_deaths": 5.6490066225165565,
      "avg_assists": 8.313907284768211,
      "avg_gold": 10641.275496688742,
      "avg_damage_dealt": 17324.34834437086,
      "avg_vision_score": 22.933774834437084,
      "lost_by_surrender": 166,
      "lost_surrender_rate": 0.21986754966887417
    },
    "TheChosenUndead": {
      "ego_index": -0.30277689661556945,
      "selfish_score": 0.77007286404418,
      "teamplay_score": 1.2649503786328358,
      "tilt_score": 0.9605030898654318,
      "match_count": 884,
      "avg_kills": 3.7013574660633486,
      "avg_deaths": 6.479638009049774,
      "avg_assists": 10.152714932126697,
      "avg_gold": 9753.52036199095,
      "avg_damage_dealt": 14932.805429864253,
      "avg_vision_score": 39.91968325791855,
      "lost_by_surrender": 170,
      "lost_surrender_rate": 0.19230769230769232
    },
    "maibad": {
      "ego_index": 0.8590790662826618,
      "selfish_score": 1.3948298390197962,
      "teamplay_score": 0.7638513490390353,
      "tilt_score": 1.1405028815095049,
      "match_count": 635,
      "avg_kills": 8.275590551181102,
      "avg_deaths": 5.303937007874016,
      "avg_assists": 8.18740157480315,
      "avg_gold": 12855.058267716535,
      "avg_damage_dealt": 27795.776377952756,
      "avg_vision_score": 17.955905511811025,
      "lost_by_surrender": 145,
      "lost_surrender_rate": 0.2283464566929134
    },
    "Kayki マ": {
      "ego_index": -0.20594308232981828,
      "selfish_score": 0.6211332534442978,
      "teamplay_score": 1.0641089626968396,
      "tilt_score": 1.1851631346136176,
      "match_count": 118,
      "avg_kills": 2.694915254237288,
      "avg_deaths": 5.601694915254237,
      "avg_assists": 7.635593220338983,
      "avg_gold": 9261.516949152543,
      "avg_damage_dealt": 10993.889830508475,
      "avg_vision_score": 36.28813559322034,
      "lost_by_surrender": 28,
      "lost_surrender_rate": 0.23728813559322035
    },
    "En Vlc No F0II0": {
      "ego_index": -0.39806225784690796,
      "selfish_score": 0.7862164077897443,
      "teamplay_score": 1.3361886474070745,
      "tilt_score": 0.759549908852111,
      "match_count": 217,
      "avg_kills": 3.6451612903225805,
      "avg_deaths": 5.9953917050691246,
      "avg_assists": 13.08294930875576,
      "avg_gold": 9971.465437788018,
      "avg_damage_dealt": 15898.410138248848,
      "avg_vision_score": 35.115207373271886,
      "lost_by_surrender": 33,
      "lost_surrender_rate": 0.15207373271889402
    },
    "Nikken": {
      "ego_index": 0.42128689474754655,
      "selfish_score": 1.1829820392671442,
      "teamplay_score": 0.9176246217426297,
      "tilt_score": 0.7796473861151602,
      "match_count": 205,
      "avg_kills": 5.84390243902439,
      "avg_deaths": 4.351219512195122,
      "avg_assists": 9.38048780487805,
      "avg_gold": 12361.38536585366,
      "avg_damage_dealt": 26880.829268292684,
      "avg_vision_score": 22.931707317073172,
      "lost_by_surrender": 32,
      "lost_surrender_rate": 0.15609756097560976
    },
    "FUSHROHDAH": {
      "ego_index": 0.3942390751691074,
      "selfish_score": 1.028563091685382,
      "teamplay_score": 0.8547760360384924,
      "tilt_score": 1.1022600976110886,
      "match_count": 145,
      "avg_kills": 5.36551724137931,
      "avg_deaths": 5.062068965517241,
      "avg_assists": 8.455172413793104,
      "avg_gold": 11281.986206896552,
      "avg_damage_dealt": 20967.124137931034,
      "avg_vision_score": 22.20689655172414,
      "lost_by_surrender": 32,
      "lost_surrender_rate": 0.2206896551724138
    },
    "Däzzler": {
      "ego_index": -1.0691351124937207,
      "selfish_score": 0.6852354749820637,
      "teamplay_score": 1.9151728608620362,
      "tilt_score": 0.804011366931259,
      "match_count": 205,
      "avg_kills": 3.029268292682927,
      "avg_deaths": 6.248780487804878,
      "avg_assists": 15.06829268292683,
      "avg_gold": 9273.453658536586,
      "avg_damage_dealt": 13550.336585365854,
      "avg_vision_score": 61.34634146341463,
      "lost_by_surrender": 33,
      "lost_surrender_rate": 0.16097560975609757
    },
    "Morocha": {
      "ego_index": 0.6677945063636688,
      "selfish_score": 1.1127161592213854,
      "teamplay_score": 0.6522453386701796,
      "tilt_score": 1.036618429062315,
      "match_count": 53,
      "avg_kills": 6.471698113207547,
      "avg_deaths": 7.830188679245283,
      "avg_assists": 6.584905660377358,