{
  "Frieren": {
    "ego_index": 0.384420851535889,
    "selfish_score": 1.3015214850466408,
    "teamplay_score": 1.1007237144443598,
    "tilt_score": 0.9181154046680402,
    "match_count": 732,
    "avg_kills": 7.33879781420765,
    "avg_deaths": 4.617486338797814,
    "avg_assists": 10.002732240437158,
    "avg_gold": 12543.224043715847,
    "avg_damage_dealt": 26705.831967213115,
    "avg_vision_score": 31.009562841530055,
    "lost_by_surrender": 135,
    "lost_surrender_rate": 0.18442622950819673
  },
  "Kyoraku": {
    "ego_index": 0.6697875223507659,
    "selfish_score": 1.4081287780718692,
    "teamplay_score": 0.8888764640691504,
    "tilt_score": 0.7526760417402358,
    "match_count": 754,
    "avg_kills": 8.143236074270558,
    "avg_deaths": 4.981432360742706,
    "avg_assists": 8.490716180371352,
    "avg_gold": 13109.76923076923,
    "avg_damage_dealt": 28697.489389920425,
    "avg_vision_score": 23.80106100795756,
    "lost_by_surrender": 114,
    "lost_surrender_rate": 0.15119363395225463
  },
  "Banshee": {
    "ego_index": 0.03862245956474669,
    "selfish_score": 0.9018448110271089,
    "teamplay_score": 1.065120267153493,
    "tilt_score": 1.0094895784556537,
    "match_count": 863,
    "avg_kills": 4.19351100811124,
    "avg_deaths": 5.691772885283894,
    "avg_assists": 9.215527230590961,
    "avg_gold": 10846.885283893394,
    "avg_damage_dealt": 19120.91193511008,
    "avg_vision_score": 31.39860950173812,
    "lost_by_surrender": 175,
    "lost_surrender_rate": 0.20278099652375434
  },
  "Bustamantefanboy": {
    "ego_index": 0.5531961471931756,
    "selfish_score": 1.165224718475272,
    "teamplay_score": 0.780196823678762,
    "tilt_score": 0.8408412619833276,
    "match_count": 894,
    "avg_kills": 6.278523489932886,
    "avg_deaths": 5.007829977628635,
    "avg_assists": 8.598434004474273,
    "avg_gold": 12278.259507829978,
    "avg_damage_dealt": 23490.527964205816,
    "avg_vision_score": 17.450782997762865,
    "lost_by_surrender": 151,
    "lost_surrender_rate": 0.16890380313199105
  },
  "Dexus": {
    "ego_index": 0.7657320260346246,
    "selfish_score": 1.3785352784734108,
    "teamplay_score": 0.7776559739880698,
    "tilt_score": 0.8242636077464183,
    "match_count": 610,
    "avg_kills": 8.275409836065574,
    "avg_deaths": 5.852459016393443,
    "avg_assists": 7.304918032786885,
    "avg_gold": 13428.980327868852,
    "avg_damage_dealt": 25485.824590163935,
    "avg_vision_score": 21.19344262295082,
    "lost_by_surrender": 101,
    "lost_surrender_rate": 0.16557377049180327
  },
  "SN Bin": {
    "ego_index": 0.6718166854850928,
    "selfish_score": 1.3724255789835114,
    "teamplay_score": 0.877201360972857,
    "tilt_score": 0.8829623373721918,
    "match_count": 592,
    "avg_kills": 7.983108108108108,
    "avg_deaths": 5.670608108108108,
    "avg_assists": 8.817567567567568,
    "avg_gold": 12906.611486486487,
    "avg_damage_dealt": 27501.974662162163,
    "avg_vision_score": 22.1722972972973,
    "lost_by_surrender": 105,
    "lost_surrender_rate": 0.17736486486486486
  },
  "Joseph Joestar": {
    "ego_index": 0.2164170256016513,
    "selfish_score": 0.8601336979433869,
    "teamplay_score": 0.8642196063662362,
    "tilt_score": 1.1025146701225028,
    "match_count": 736,
    "avg_kills": 4.081521739130435,
    "avg_deaths": 5.646739130434782,
    "avg_assists": 8.320652173913043,
    "avg_gold": 10626.115489130434,
    "avg_damage_dealt": 17314.508152173912,
    "avg_vision_score": 22.94429347826087,
    "lost_by_surrender": 163,
    "lost_surrender_rate": 0.22146739130434784
  },
  "TheChosenUndead": {
    "ego_index": -0.3041224406920958,
    "selfish_score": 0.7713921338006591,
    "teamplay_score": 1.2663657233286507,
    "tilt_score": 0.954255744179479,
    "match_count": 866,
    "avg_kills": 3.697459584295612,
    "avg_deaths": 6.482678983833718,
    "avg_assists": 10.118937644341802,
    "avg_gold": 9761.428406466513,
    "avg_damage_dealt": 14922.366050808314,
    "avg_vision_score": 39.84642032332564,
    "lost_by_surrender": 166,
    "lost_surrender_rate": 0.19168591224018475
  },
  "maibad": {
    "ego_index": 0.8580083263975662,
    "selfish_score": 1.3977086179609153,
    "teamplay_score": 0.7670523336781716,
    "tilt_score": 1.1367602105741124,
    "match_count": 635,
    "avg_kills": 8.275590551181102,
    "avg_deaths": 5.303937007874016,
    "avg_assists": 8.18740157480315,
    "avg_gold": 12855.058267716535,
    "avg_damage_dealt": 27795.776377952756,
    "avg_vision_score": 17.955905511811025,
    "lost_by_surrender": 145,
    "lost_surrender_rate": 0.2283464566929134
  },
  "Kayki マ": {
    "ego_index": -0.23396981221416327,
    "selfish_score": 0.6087951656477651,
    "teamplay_score": 1.0738968876720096,
    "tilt_score": 1.155659549050406,
    "match_count": 112,
    "avg_kills": 2.625,
    "avg_deaths": 5.607142857142857,
    "avg_assists": 7.580357142857143,
    "avg_gold": 9149.482142857143,
    "avg_damage_dealt": 10647.901785714286,
    "avg_vision_score": 36.794642857142854,
    "lost_by_surrender": 26,
    "lost_surrender_rate": 0.23214285714285715
  },
  "En Vlc No F0II0": {
    "ego_index": -0.3904566425251065,
    "selfish_score": 0.7940076871733894,
    "teamplay_score": 1.3354626462787604,
    "tilt_score": 0.7549915829013226,
    "match_count": 211,
    "avg_kills": 3.7014218009478674,
    "avg_deaths": 6.0,
    "avg_assists": 12.947867298578199,
    "avg_gold": 10013.767772511848,
    "avg_damage_dealt": 15949.251184834124,
    "avg_vision_score": 35.18483412322275,
    "lost_by_surrender": 32,
    "lost_surrender_rate": 0.15165876777251186
  },
  "Nikken": {
    "ego_index": 0.4194691949948005,
    "selfish_score": 1.1854230982464753,
    "teamplay_score": 0.9213716827562397,
    "tilt_score": 0.7770888975228246,
    "match_count": 205,
    "avg_kills": 5.84390243902439,
    "avg_deaths": 4.351219512195122,
    "avg_assists": 9.38048780487805,
    "avg_gold": 12361.38536585366,
    "avg_damage_dealt": 26880.829268292684,
    "avg_vision_score": 22.931707317073172,
    "lost_by_surrender": 32,
    "lost_surrender_rate": 0.15609756097560976
  },
  "FUSHROHDAH": {
    "ego_index": 0.39219148705524576,
    "selfish_score": 1.0306682597738883,
    "teamplay_score": 0.8582053575354412,
    "tilt_score": 1.0986429240839934,
    "match_count": 145,
    "avg_kills": 5.36551724137931,
    "avg_deaths": 5.062068965517241,
    "avg_assists": 8.455172413793104,
    "avg_gold": 11281.986206896552,
    "avg_damage_dealt": 20967.124137931034,
    "avg_vision_score": 22.20689655172414,
    "lost_by_surrender": 32,
    "lost_surrender_rate": 0.2206896551724138
  },
  "Däzzler": {
    "ego_index": -1.0834121879861642,
    "selfish_score": 0.6816079955550192,
    "teamplay_score": 1.929301633283118,
    "tilt_score": 0.8214072487096733,
    "match_count": 200,
    "avg_kills": 3.005,
    "avg_deaths": 6.245,
    "avg_assists": 15.1,
    "avg_gold": 9248.82,
    "avg_damage_dealt": 13384.77,
    "avg_vision_score": 61.655,
    "lost_by_surrender": 33,
    "lost_surrender_rate": 0.165
  },
  "Morocha": {
    "ego_index": 0.6667629794123094,
    "selfish_score": 1.1150105166413251,
    "teamplay_score": 0.6548908702377385,
    "tilt_score": 1.033216665043614,
    "match_count": 53,
    "avg_kills": 6.471698113207547,
    "avg_deaths": 7.830188679245283,
    "avg_assists": 6.584905660377358,
    "avg_gold": 10524.641509433963,
    "avg_damage_dealt": 22344.735849056604,
    "avg_vision_score": 16.547169811320753,
    "lost_by_surrender": 11,
    "lost_surrender_rate": 0.20754716981132076
  },
  "Lady Maria": {
    "ego_index": -0.4770394219338969,
    "selfish_score": 0.3459198190634007,
    "teamplay_score": 1.1189618531449277,
    "tilt_score": 1.48001306073815,
    "match_count": 37,
    "avg_kills": 0.918918918918919,
    "avg_deaths": 6.513513513513513,
    "avg_assists": 10.91891891891892,
    "avg_gold": 6932.1621621621625,
    "avg_damage_dealt": 5815.027027027027,