{
  "source_L1": "L1_q440_min4_pool_ac89fa8d",
  "generated_at": "2025-12-02 00:25:06",
  "start_date": null,
  "end_date": null,
  "troll": {
    "Frieren": {
      "total_matches": 751,
      "early_surrender_own": 4,
      "early_surrender_enemy": 1,
      "afk_own": 143,
      "afk_enemy": 127,
      "pct_early_surrender_own": 0.005326231691078562,
      "pct_early_surrender_enemy": 0.0013315579227696406,
      "pct_afk_own": 0.1904127829560586,
      "pct_afk_enemy": 0.16910785619174434
    },
    "Kyoraku": {
      "total_matches": 771,
      "early_surrender_own": 2,
      "early_surrender_enemy": 4,
      "afk_own": 137,
      "afk_enemy": 138,
      "pct_early_surrender_own": 0.0025940337224383916,
      "pct_early_surrender_enemy": 0.005188067444876783,
      "pct_afk_own": 0.17769130998702984,
      "pct_afk_enemy": 0.17898832684824903
    },
    "Banshee": {
      "total_matches": 874,
      "early_surrender_own": 4,
      "early_surrender_enemy": 4,
      "afk_own": 174,
      "afk_enemy": 159,
      "pct_early_surrender_own": 0.004576659038901602,
      "pct_early_surrender_enemy": 0.004576659038901602,
      "pct_afk_own": 0.19908466819221968,
      "pct_afk_enemy": 0.18192219679633867
    },
    "Bustamantefanboy": {
      "total_matches": 905,
      "early_surrender_own": 4,
      "early_surrender_enemy": 3,
      "afk_own": 153,
      "afk_enemy": 138,
      "pct_early_surrender_own": 0.004419889502762431,
      "pct_early_surrender_enemy": 0.0033149171270718232,
      "pct_afk_own": 0.16906077348066298,
      "pct_afk_enemy": 0.15248618784530388
    },
    "Dexus": {
      "total_matches": 625,
      "early_surrender_own": 5,
      "early_surrender_enemy": 0,
      "afk_own": 102,
      "afk_enemy": 110,
      "pct_early_surrender_own": 0.008,
      "pct_early_surrender_enemy": 0.0,
      "pct_afk_own": 0.1632,
      "pct_afk_enemy": 0.176
    },
    "SN Bin": {
      "total_matches": 592,
      "early_surrender_own": 6,
      "early_surrender_enemy": 5,
      "afk_own": 105,
      "afk_enemy": 100,
      "pct_early_surrender_own": 0.010135135135135136,
      "pct_early_surrender_enemy": 0.008445945945945946,
      "pct_afk_own": 0.17736486486486486,
      "pct_afk_enemy": 0.16891891891891891
    },
    "Joseph Joestar": {
      "total_matches": 755,
      "early_surrender_own": 5,
      "early_surrender_enemy": 6,
      "afk_own": 155,
      "afk_enemy": 150,
      "pct_early_surrender_own": 0.006622516556291391,
      "pct_early_surrender_enemy": 0.007947019867549669,
      "pct_afk_own": 0.2052980132450331,
      "pct_afk_enemy": 0.1986754966887417
    },
    "TheChosenUndead": {
      "total_matches": 884,
      "early_surrender_own": 3,
      "early_surrender_enemy": 6,
      "afk_own": 163,
      "afk_enemy": 150,
      "pct_early_surrender_own": 0.003393665158371041,
      "pct_early_surrender_enemy": 0.006787330316742082,
      "pct_afk_own": 0.18438914027149322,
      "pct_afk_enemy": 0.16968325791855204
    },
    "maibad": {
      "total_matches": 635,
      "early_surrender_own": 3,
      "early_surrender_enemy": 3,
      "afk_own": 113,
      "afk_enemy": 117,
      "pct_early_surrender_own": 0.004724409448818898,
      "pct_early_surrender_enemy": 0.004724409448818898,
      "pct_afk_own": 0.17795275590551182,
      "pct_afk_enemy": 0.18425196850393702
    },
    "Kayki マ": {
      "total_matches": 118,
      "early_surrender_own": 1,
      "early_surrender_enemy": 0,
      "afk_own": 20,
      "afk_enemy": 23,
      "pct_early_surrender_own": 0.00847457627118644,
      "pct_early_surrender_enemy": 0.0,
      "pct_afk_own": 0.1694915254237288,
      "pct_afk_enemy": 0.19491525423728814
    },
    "En Vlc No F0II0": {
      "total_matches": 217,
      "early_surrender_own": 1,
      "early_surrender_enemy": 2,
      "afk_own": 29,
      "afk_enemy": 41,
      "pct_early_surrender_own": 0.004608294930875576,
      "pct_early_surrender_enemy": 0.009216589861751152,
      "pct_afk_own": 0.1336405529953917,
      "pct_afk_enemy": 0.1889400921658986
    },
    "Nikken": {
      "total_matches": 205,
      "early_surrender_own": 0,
      "early_surrender_enemy": 3,
      "afk_own": 29,
      "afk_enemy": 29,
      "pct_early_surrender_own": 0.0,
      "pct_early_surrender_enemy": 0.014634146341463415,
      "pct_afk_own": 0.14146341463414633,
      "pct_afk_enemy": 0.14146341463414633
    },
    "FUSHROHDAH": {
      "total_matches": 145,
      "early_surrender_own": 3,
      "early_surrender_enemy": 3,
      "afk_own": 23,
      "afk_enemy": 20,
      "pct_early_surrender_own": 0.020689655172413793,
      "pct_early_surrender_enemy": 0.020689655172413793,
      "pct_afk_own": 0.15862068965517243,
      "pct_afk_enemy": 0.13793103448275862
    },
    "Däzzler": {
      "total_matches": 205,
      "early_surrender_own": 0,
      "early_surrender_enemy": 2,
      "afk_own": 41,
      "afk_enemy": 24,
      "pct_early_surrender_own": 0.0,
      "pct_early_surrender_enemy": 0.00975609756097561,
      "pct_afk_own": 0.2,
      "pct_afk_enemy": 0.11707317073170732
    },
    "Morocha": {
      "total_matches": 53,
      "early_surrender_own": 1,
      "early_surrender_enemy": 0,
      "afk_own": 9,
      "afk_enemy": 7,
      "pct_early_surrender_own": 0.018867924528301886,
      "pct_early_surrender_enemy": 0.0,
      "pct_afk_own": 0.16981132075471697,
      "pct_afk_enemy": 0.1320754716981132
    },
    "Lady Maria": {
      "total_matches": 39,
      "early_surrender_own": 0,
      "early_surrender_enemy": 0,
      "afk_own": 21,
      "afk_enemy": 9,
      "pct_early_surrender_own": 0.0,
      "pct_early_surrender_enemy": 0.0,
      "pct_afk_own": 0.5384615384615384,
      "pct_afk_enemy": 0.23076923076923078
    },
    "gokusito": {
      "total_matches": 92,
      "early_surrender_own": 3,
      "early_surrender_enemy": 0,
      "afk_own": 21,
      "afk_enemy": 13,
      "pct_early_surrender_own": 0.03260869565217391,
      "pct_early_surrender_enemy": 0.0,
      "pct_afk_own": 0.22826086956521738,
      "pct_afk_enemy": 0.14130434782608695
    },
    "DETOXED": {
      "total_matches": 90,
      "early_surrender_own": 1,
      "early_surrender_enemy": 0,
      "afk_own": 13,
      "afk_enemy": 13,
      "pct_early_surrender_own": 0.011111111111111112,
      "pct_early_surrender_enemy": 0.0,
      "pct_afk_own": 0.14444444444444443,
      "pct_afk_enemy": 0.14444444444444443
    },
    "ñoki": {
      "total_matches": 54,
      "early_surrender_own": 2,
      "early_surrender_enemy": 0,
      "afk_own": 10,
      "afk_enemy": 14,
      "pct_early_surrender_own": 0.037037037037037035,
      "pct_early_surrender_enemy": 0.0,
      "pct_afk_own": 0.18518518518518517,
      "pct_afk_enemy": 0.25925925925925924
    }
  }
}