{
  "source_L1": "L1_q440_min4_pool_ac89fa8d",
  "generated_at": "2025-12-07 03:47:27",
  "start_date": null,
  "end_date": null,
  "ego": {
    "Frieren": {
      "ego_index": 0.39662190637664474,
      "selfish_score": 1.303135795473373,
      "teamplay_score": 1.0926563432233611,
      "tilt_score": 0.9307122706331636,
      "match_count": 758,
      "avg_kills": 7.385224274406332,
      "avg_deaths": 4.662269129287599,
      "avg_assists": 10.009234828496043,
      "avg_gold": 12531.75857519789,
      "avg_damage_dealt": 26758.02110817942,
      "avg_vision_score": 30.736147757255935,
      "lost_by_surrender": 141,
      "lost_surrender_rate": 0.18601583113456466
    },
    "Kyoraku": {
      "ego_index": 0.6823538906922094,
      "selfish_score": 1.4118323865423106,
      "teamplay_score": 0.8809398712290204,
      "tilt_score": 0.7573068768945963,
      "match_count": 773,
      "avg_kills": 8.197930142302717,
      "avg_deaths": 4.994825355756792,
      "avg_assists": 8.448900388098318,
      "avg_gold": 13130.631306597672,
      "avg_damage_dealt": 28802.020698576973,
      "avg_vision_score": 23.648124191461836,
      "lost_by_surrender": 117,
      "lost_surrender_rate": 0.15135834411384216
    },
    "Banshee": {
      "ego_index": 0.03411696722641369,
      "selfish_score": 0.9011150155297903,
      "teamplay_score": 1.0685003074821162,
      "tilt_score": 1.0075112958936978,
      "match_count": 879,
      "avg_kills": 4.194539249146757,
      "avg_deaths": 5.6734926052332195,
      "avg_assists": 9.27872582480091,
      "avg_gold": 10853.733788395904,
      "avg_damage_dealt": 19162.46757679181,
      "avg_vision_score": 31.57792946530148,
      "lost_by_surrender": 177,
      "lost_surrender_rate": 0.20136518771331058
    },
    "Bustamantefanboy": {
      "ego_index": 0.5523655449382927,
      "selfish_score": 1.1645739281570044,
      "teamplay_score": 0.779538931125414,
      "tilt_score": 0.836652739533511,
      "match_count": 909,
      "avg_kills": 6.289328932893289,
      "avg_deaths": 5.003300330033003,
      "avg_assists": 8.62046204620462,
      "avg_gold": 12292.817381738174,
      "avg_damage_dealt": 23507.06490649065,
      "avg_vision_score": 17.50825082508251,
      "lost_by_surrender": 152,
      "lost_surrender_rate": 0.16721672167216722
    },
    "Dexus": {
      "ego_index": 0.7773647936056762,
      "selfish_score": 1.382966987323175,
      "teamplay_score": 0.7713300716952007,
      "tilt_score": 0.8286393898885103,
      "match_count": 634,
      "avg_kills": 8.353312302839116,
      "avg_deaths": 5.870662460567823,
      "avg_assists": 7.299684542586751,
      "avg_gold": 13446.730283911673,
      "avg_damage_dealt": 25521.97949526814,
      "avg_vision_score": 20.998422712933753,
      "lost_by_surrender": 105,
      "lost_surrender_rate": 0.16561514195583596
    },
    "SN Bin": {
      "ego_index": 0.6732009952598144,
      "selfish_score": 1.3699077624442932,
      "teamplay_score": 0.8741923662349234,
      "tilt_score": 0.887427995252222,
      "match_count": 592,
      "avg_kills": 7.983108108108108,
      "avg_deaths": 5.670608108108108,
      "avg_assists": 8.817567567567568,
      "avg_gold": 12906.611486486487,
      "avg_damage_dealt": 27501.974662162163,
      "avg_vision_score": 22.1722972972973,
      "lost_by_surrender": 105,
      "lost_surrender_rate": 0.17736486486486486
    },
    "Joseph Joestar": {
      "ego_index": 0.21993487761042393,
      "selfish_score": 0.8599876304638367,
      "teamplay_score": 0.8599391722083394,
      "tilt_score": 1.0994320967746327,
      "match_count": 760,
      "avg_kills": 4.092105263157895,
      "avg_deaths": 5.651315789473684,
      "avg_assists": 8.310526315789474,
      "avg_gold": 10636.577631578948,
      "avg_damage_dealt": 17334.48157894737,
      "avg_vision_score": 22.896052631578947,
      "lost_by_surrender": 167,
      "lost_surrender_rate": 0.21973684210526315
    },
    "TheChosenUndead": {
      "ego_index": -0.30574085700404663,
      "selfish_score": 0.7700741550815448,
      "teamplay_score": 1.267386769790833,
      "tilt_score": 0.957858788526208,
      "match_count": 888,
      "avg_kills": 3.6981981981981984,
      "avg_deaths": 6.478603603603603,
      "avg_assists": 10.18018018018018,
      "avg_gold": 9755.597972972973,
      "avg_damage_dealt": 14932.579954954956,
      "avg_vision_score": 39.9222972972973,
      "lost_by_surrender": 170,
      "lost_surrender_rate": 0.19144144144144143
    },
    "maibad": {
      "ego_index": 0.8593491164785366,
      "selfish_score": 1.3951403064282235,
      "teamplay_score": 0.764293084550214,
      "tilt_score": 1.142509473002636,
      "match_count": 635,
      "avg_kills": 8.275590551181102,
      "avg_deaths": 5.303937007874016,
      "avg_assists": 8.18740157480315,
      "avg_gold": 12855.058267716535,
      "avg_damage_dealt": 27795.776377952756,
      "avg_vision_score": 17.955905511811025,
      "lost_by_surrender": 145,
      "lost_surrender_rate": 0.2283464566929134
    },
    "Kayki マ": {
      "ego_index": -0.19989778735753674,
      "selfish_score": 0.6175283429635832,
      "teamplay_score": 1.0533589808436155,
      "tilt_score": 1.1796642526124776,
      "match_count": 123,
      "avg_kills": 2.658536585365854,
      "avg_deaths": 5.5772357723577235,
      "avg_assists": 7.609756097560975,
      "avg_gold": 9224.487804878048,
      "avg_damage_dealt": 10994.146341463415,
      "avg_vision_score": 35.72357723577236,
      "lost_by_surrender": 29,
      "lost_surrender_rate": 0.23577235772357724
    },
    "En Vlc No F0II0": {
      "ego_index": -0.40115657843907404,
      "selfish_score": 0.7845313247380503,
      "teamplay_score": 1.3371670933496662,
      "tilt_score": 0.7573959508627092,
      "match_count": 218,
      "avg_kills": 3.628440366972477,
      "avg_deaths": 6.004587155963303,
      "avg_assists": 13.059633027522937,
      "avg_gold": 9960.54128440367,
      "avg_damage_dealt": 15877.720183486239,
      "avg_vision_score": 35.19266055045872,
      "lost_by_surrender": 33,
      "lost_surrender_rate": 0.15137614678899083
    },
    "Nikken": {
      "ego_index": 0.42128041573423414,
      "selfish_score": 1.1832558397471278,
      "teamplay_score": 0.9181792422898563,
      "tilt_score": 0.7810190913848128,
      "match_count": 205,
      "avg_kills": 5.84390243902439,
      "avg_deaths": 4.351219512195122,
      "avg_assists": 9.38048780487805,
      "avg_gold": 12361.38536585366,
      "avg_damage_dealt": 26880.829268292684,
      "avg_vision_score": 22.931707317073172,
      "lost_by_surrender": 32,
      "lost_surrender_rate": 0.15609756097560976
    },
    "FUSHROHDAH": {
      "ego_index": 0.3943360669635794,
      "selfish_score": 1.0288037444578277,
      "teamplay_score": 0.8553075585065057,
      "tilt_score": 1.104199405061287,
      "match_count": 145,
      "avg_kills": 5.36551724137931,
      "avg_deaths": 5.062068965517241,
      "avg_assists": 8.455172413793104,
      "avg_gold": 11281.986206896552,
      "avg_damage_dealt": 20967.124137931034,
      "avg_vision_score": 22.20689655172414,
      "lost_by_surrender": 32,
      "lost_surrender_rate": 0.2206896551724138
    },
    "Däzzler": {
      "ego_index": -1.070075688825381,
      "selfish_score": 0.6854069139281602,
      "teamplay_score": 1.916567790351659,
      "tilt_score": 0.8054259379905883,
      "match_count": 205,
      "avg_kills": 3.029268292682927,
      "avg_deaths": 6.248780487804878,
      "avg_assists": 15.06829268292683,
      "avg_gold": 9273.453658536586,
      "avg_damage_dealt": 13550.336585365854,
      "avg_vision_score": 61.34634146341463,
      "lost_by_surrender": 33,
      "lost_surrender_rate": 0.16097560975609757
    },
    "Morocha": {
      "ego_index": 0.6680101522669709,
      "selfish_score": 1.112965618772963,
      "teamplay_score": 0.6526439159249489,
      "tilt_score": 1.0384422470947836,
      "match_count": 53,
      "avg_kills": 6.471698113207547,