{
  "source_L1": "L1_q440_min4_pool_ac89fa8d",
  "generated_at": "2025-12-02 00:25:14",
  "start_date": null,
  "end_date": null,
  "first_metrics": {
    "Frieren": {
      "first_blood_kills": 113,
      "first_blood_kills_rate": 0.15046604527296936,
      "first_blood_assists": 99,
      "first_blood_assists_rate": 0.1318242343541944,
      "first_death_count": 58,
      "first_death_rate": 0.07723035952063914,
      "avg_early_takedowns": 4.938748335552597,
      "avg_early_gold": 406.62098602945906,
      "avg_early_damage": 833.0755602932226,
      "avg_early_vision": 0.9995894712775689,
      "avg_early_farm": 51.64314247669773,
      "match_count": 751
    },
    "Kyoraku": {
      "first_blood_kills": 111,
      "first_blood_kills_rate": 0.14396887159533073,
      "first_blood_assists": 68,
      "first_blood_assists_rate": 0.08819714656290532,
      "first_death_count": 73,
      "first_death_rate": 0.0946822308690013,
      "avg_early_takedowns": 4.939040207522698,
      "avg_early_gold": 432.9036299827004,
      "avg_early_damage": 922.4645810517534,
      "avg_early_vision": 0.7748074218935077,
      "avg_early_farm": 49.75745784695201,
      "match_count": 771
    },
    "Banshee": {
      "first_blood_kills": 45,
      "first_blood_kills_rate": 0.05148741418764302,
      "first_blood_assists": 79,
      "first_blood_assists_rate": 0.09038901601830664,
      "first_death_count": 83,
      "first_death_rate": 0.09496567505720824,
      "avg_early_takedowns": 3.389016018306636,
      "avg_early_gold": 355.1780348025577,
      "avg_early_damage": 604.2933467100963,
      "avg_early_vision": 1.0102227467924674,
      "avg_early_farm": 44.66819221967963,
      "match_count": 874
    },
    "Bustamantefanboy": {
      "first_blood_kills": 79,
      "first_blood_kills_rate": 0.08729281767955802,
      "first_blood_assists": 76,
      "first_blood_assists_rate": 0.08397790055248619,
      "first_death_count": 88,
      "first_death_rate": 0.09723756906077348,
      "avg_early_takedowns": 3.943646408839779,
      "avg_early_gold": 395.67599049660055,
      "avg_early_damage": 730.9500587158403,
      "avg_early_vision": 0.5710443224297411,
      "avg_early_farm": 48.943646408839776,
      "match_count": 905
    },
    "Dexus": {
      "first_blood_kills": 49,
      "first_blood_kills_rate": 0.0784,
      "first_blood_assists": 23,
      "first_blood_assists_rate": 0.0368,
      "first_death_count": 62,
      "first_death_rate": 0.0992,
      "avg_early_takedowns": 4.4112,
      "avg_early_gold": 443.75582733119455,
      "avg_early_damage": 809.9044737617629,
      "avg_early_vision": 0.706466763739188,
      "avg_early_farm": 16.9536,
      "match_count": 625
    },
    "SN Bin": {
      "first_blood_kills": 83,
      "first_blood_kills_rate": 0.14020270270270271,
      "first_blood_assists": 68,
      "first_blood_assists_rate": 0.11486486486486487,
      "first_death_count": 49,
      "first_death_rate": 0.08277027027027027,
      "avg_early_takedowns": 4.905405405405405,
      "avg_early_gold": 424.71077075918777,
      "avg_early_damage": 869.4110278824988,
      "avg_early_vision": 0.7343263735340181,
      "avg_early_farm": 48.48986486486486,
      "match_count": 592
    },
    "Joseph Joestar": {
      "first_blood_kills": 32,
      "first_blood_kills_rate": 0.0423841059602649,
      "first_blood_assists": 55,
      "first_blood_assists_rate": 0.0728476821192053,
      "first_death_count": 55,
      "first_death_rate": 0.0728476821192053,
      "avg_early_takedowns": 3.376158940397351,
      "avg_early_gold": 351.97381020037307,
      "avg_early_damage": 549.5411061482514,
      "avg_early_vision": 0.7680320368510651,
      "avg_early_farm": 34.26887417218543,
      "match_count": 755
    },
    "TheChosenUndead": {
      "first_blood_kills": 64,
      "first_blood_kills_rate": 0.07239819004524888,
      "first_blood_assists": 92,
      "first_blood_assists_rate": 0.10407239819004525,
      "first_death_count": 114,
      "first_death_rate": 0.12895927601809956,
      "avg_early_takedowns": 3.68552036199095,
      "avg_early_gold": 317.9084615364092,
      "avg_early_damage": 471.4698261215393,
      "avg_early_vision": 1.2773135546162113,
      "avg_early_farm": 31.971719457013574,
      "match_count": 884
    },
    "maibad": {
      "first_blood_kills": 83,
      "first_blood_kills_rate": 0.13070866141732285,
      "first_blood_assists": 49,
      "first_blood_assists_rate": 0.07716535433070866,
      "first_death_count": 45,
      "first_death_rate": 0.07086614173228346,
      "avg_early_takedowns": 4.651968503937008,
      "avg_early_gold": 421.3880975208647,
      "avg_early_damage": 881.0589728836101,
      "avg_early_vision": 0.5943041963819189,
      "avg_early_farm": 41.58740157480315,
      "match_count": 635
    },
    "Kayki マ": {
      "first_blood_kills": 1,
      "first_blood_kills_rate": 0.00847457627118644,
      "first_blood_assists": 10,
      "first_blood_assists_rate": 0.0847457627118644,
      "first_death_count": 11,
      "first_death_rate": 0.09322033898305085,
      "avg_early_takedowns": 2.9491525423728815,
      "avg_early_gold": 298.33401491148624,
      "avg_early_damage": 342.4925893989425,
      "avg_early_vision": 1.1320997765357255,
      "avg_early_farm": 33.110169491525426,
      "match_count": 118
    },
    "En Vlc No F0II0": {
      "first_blood_kills": 20,
      "first_blood_kills_rate": 0.09216589861751152,
      "first_blood_assists": 56,
      "first_blood_assists_rate": 0.25806451612903225,
      "first_death_count": 24,
      "first_death_rate": 0.11059907834101383,
      "avg_early_takedowns": 5.073732718894009,
      "avg_early_gold": 333.52950683509266,
      "avg_early_damage": 511.2441010570157,
      "avg_early_vision": 1.1448736481802573,
      "avg_early_farm": 22.525345622119815,
      "match_count": 217
    },
    "Nikken": {
      "first_blood_kills": 10,
      "first_blood_kills_rate": 0.04878048780487805,
      "first_blood_assists": 20,
      "first_blood_assists_rate": 0.0975609756097561,
      "first_death_count": 16,
      "first_death_rate": 0.07804878048780488,
      "avg_early_takedowns": 3.3024390243902437,
      "avg_early_gold": 385.0977320694399,
      "avg_early_damage": 799.3246928729922,
      "avg_early_vision": 0.7227401710405287,
      "avg_early_farm": 60.40975609756097,
      "match_count": 205
    },
    "FUSHROHDAH": {
      "first_blood_kills": 7,
      "first_blood_kills_rate": 0.04827586206896552,
      "first_blood_assists": 24,
      "first_blood_assists_rate": 0.16551724137931034,
      "first_death_count": 6,
      "first_death_rate": 0.041379310344827586,
      "avg_early_takedowns": 3.793103448275862,
      "avg_early_gold": 374.8062143374703,
      "avg_early_damage": 653.2670117171241,
      "avg_early_vision": 0.7298034865562504,
      "avg_early_farm": 42.37931034482759,
      "match_count": 145
    },
    "Däzzler": {
      "first_blood_kills": 11,
      "first_blood_kills_rate": 0.05365853658536585,
      "first_blood_assists": 28,
      "first_blood_assists_rate": 0.13658536585365855,
      "first_death_count": 24,
      "first_death_rate": 0.11707317073170732,
      "avg_early_takedowns": 4.3951219512195125,
      "avg_early_gold": 298.51514727431606,
      "avg_early_damage": 425.1698355322395,
      "avg_early_vision": 1.936677182985339,
      "avg_early_farm": 19.53170731707317,
      "match_count": 205
    },
    "Morocha": {
      "first_blood_kills": 2,
      "first_blood_kills_rate": 0.03773584905660377,
      "first_blood_assists": 9,
      "first_blood_assists_rate": 0.16981132075471697,
      "first_death_count": 8,
      "first_death_rate": 0.1509433962264151,
      "avg_early_takedowns": 4.490566037735849,
      "avg_early_gold": 354.92342246444065,
      "avg_early_damage": 726.490538245292,
      "avg_early_vision": 0.5651050488290215,
      "avg_early_farm": 37.64150943396226,
      "match_count": 53
    },