{
  "source_L1": "L1_q440_min4_pool_ac89fa8d",
  "generated_at": "2025-12-07 03:47:42",
  "start_date": null,
  "end_date": null,
  "first_metrics": {
    "Frieren": {
      "first_blood_kills": 115,
      "first_blood_kills_rate": 0.1517150395778364,
      "first_blood_assists": 99,
      "first_blood_assists_rate": 0.13060686015831136,
      "first_death_count": 58,
      "first_death_rate": 0.07651715039577836,
      "avg_early_takedowns": 4.955145118733509,
      "avg_early_gold": 406.85910357984073,
      "avg_early_damage": 834.02237660235,
      "avg_early_vision": 0.9999349806746065,
      "avg_early_farm": 51.522427440633244,
      "match_count": 758
    },
    "Kyoraku": {
      "first_blood_kills": 111,
      "first_blood_kills_rate": 0.14359637774902975,
      "first_blood_assists": 68,
      "first_blood_assists_rate": 0.08796895213454076,
      "first_death_count": 74,
      "first_death_rate": 0.09573091849935317,
      "avg_early_takedowns": 4.93143596377749,
      "avg_early_gold": 432.686572218962,
      "avg_early_damage": 921.7448703618628,
      "avg_early_vision": 0.7745069010559562,
      "avg_early_farm": 49.78007761966365,
      "match_count": 773
    },
    "Banshee": {
      "first_blood_kills": 45,
      "first_blood_kills_rate": 0.051194539249146756,
      "first_blood_assists": 80,
      "first_blood_assists_rate": 0.09101251422070535,
      "first_death_count": 85,
      "first_death_rate": 0.09670079635949944,
      "avg_early_takedowns": 3.3924914675767917,
      "avg_early_gold": 354.9686095141962,
      "avg_early_damage": 604.0000023916607,
      "avg_early_vision": 1.0147540959961365,
      "avg_early_farm": 44.617747440273035,
      "match_count": 879
    },
    "Bustamantefanboy": {
      "first_blood_kills": 79,
      "first_blood_kills_rate": 0.08690869086908691,
      "first_blood_assists": 76,
      "first_blood_assists_rate": 0.08360836083608361,
      "first_death_count": 88,
      "first_death_rate": 0.0968096809680968,
      "avg_early_takedowns": 3.9361936193619362,
      "avg_early_gold": 395.47457882161206,
      "avg_early_damage": 730.3131278334124,
      "avg_early_vision": 0.5714317661756525,
      "avg_early_farm": 48.85918591859186,
      "match_count": 909
    },
    "Dexus": {
      "first_blood_kills": 50,
      "first_blood_kills_rate": 0.07886435331230283,
      "first_blood_assists": 24,
      "first_blood_assists_rate": 0.03785488958990536,
      "first_death_count": 63,
      "first_death_rate": 0.09936908517350158,
      "avg_early_takedowns": 4.451104100946372,
      "avg_early_gold": 444.4921242113897,
      "avg_early_damage": 811.8833848590034,
      "avg_early_vision": 0.7031095741992853,
      "avg_early_farm": 17.13722397476341,
      "match_count": 634
    },
    "SN Bin": {
      "first_blood_kills": 83,
      "first_blood_kills_rate": 0.14020270270270271,
      "first_blood_assists": 68,
      "first_blood_assists_rate": 0.11486486486486487,
      "first_death_count": 49,
      "first_death_rate": 0.08277027027027027,
      "avg_early_takedowns": 4.905405405405405,
      "avg_early_gold": 424.71077075918777,
      "avg_early_damage": 869.4110278824988,
      "avg_early_vision": 0.7343263735340181,
      "avg_early_farm": 48.48986486486486,
      "match_count": 592
    },
    "Joseph Joestar": {
      "first_blood_kills": 32,
      "first_blood_kills_rate": 0.042105263157894736,
      "first_blood_assists": 55,
      "first_blood_assists_rate": 0.07236842105263158,
      "first_death_count": 55,
      "first_death_rate": 0.07236842105263158,
      "avg_early_takedowns": 3.3710526315789475,
      "avg_early_gold": 351.9542819557477,
      "avg_early_damage": 550.1472605169391,
      "avg_early_vision": 0.7670233598460484,
      "avg_early_farm": 34.296052631578945,
      "match_count": 760
    },
    "TheChosenUndead": {
      "first_blood_kills": 64,
      "first_blood_kills_rate": 0.07207207207207207,
      "first_blood_assists": 93,
      "first_blood_assists_rate": 0.10472972972972973,
      "first_death_count": 114,
      "first_death_rate": 0.12837837837837837,
      "avg_early_takedowns": 3.688063063063063,
      "avg_early_gold": 317.97119762713623,
      "avg_early_damage": 471.5185957855514,
      "avg_early_vision": 1.2778149077592984,
      "avg_early_farm": 31.980855855855857,
      "match_count": 888
    },
    "maibad": {
      "first_blood_kills": 83,
      "first_blood_kills_rate": 0.13070866141732285,
      "first_blood_assists": 49,
      "first_blood_assists_rate": 0.07716535433070866,
      "first_death_count": 45,
      "first_death_rate": 0.07086614173228346,
      "avg_early_takedowns": 4.651968503937008,
      "avg_early_gold": 421.3880975208647,
      "avg_early_damage": 881.0589728836101,
      "avg_early_vision": 0.5943041963819189,
      "avg_early_farm": 41.58740157480315,
      "match_count": 635
    },
    "Kayki マ": {
      "first_blood_kills": 1,
      "first_blood_kills_rate": 0.008130081300813009,
      "first_blood_assists": 10,
      "first_blood_assists_rate": 0.08130081300813008,
      "first_death_count": 11,
      "first_death_rate": 0.08943089430894309,
      "avg_early_takedowns": 2.8780487804878048,
      "avg_early_gold": 298.8767993778395,
      "avg_early_damage": 344.6576288902437,
      "avg_early_vision": 1.1206134553762896,
      "avg_early_farm": 34.016260162601625,
      "match_count": 123
    },
    "En Vlc No F0II0": {
      "first_blood_kills": 20,
      "first_blood_kills_rate": 0.09174311926605505,
      "first_blood_assists": 56,
      "first_blood_assists_rate": 0.25688073394495414,
      "first_death_count": 24,
      "first_death_rate": 0.11009174311926606,
      "avg_early_takedowns": 5.059633027522936,
      "avg_early_gold": 333.1092463833691,
      "avg_early_damage": 510.5639276827474,
      "avg_early_vision": 1.1472987352074349,
      "avg_early_farm": 22.51834862385321,
      "match_count": 218
    },
    "Nikken": {
      "first_blood_kills": 10,
      "first_blood_kills_rate": 0.04878048780487805,
      "first_blood_assists": 20,
      "first_blood_assists_rate": 0.0975609756097561,
      "first_death_count": 16,
      "first_death_rate": 0.07804878048780488,
      "avg_early_takedowns": 3.3024390243902437,
      "avg_early_gold": 385.0977320694399,
      "avg_early_damage": 799.3246928729922,
      "avg_early_vision": 0.7227401710405287,
      "avg_early_farm": 60.40975609756097,
      "match_count": 205
    },
    "FUSHROHDAH": {
      "first_blood_kills": 7,
      "first_blood_kills_rate": 0.04827586206896552,
      "first_blood_assists": 24,
      "first_blood_assists_rate": 0.16551724137931034,
      "first_death_count": 6,
      "first_death_rate": 0.041379310344827586,
      "avg_early_takedowns": 3.793103448275862,
      "avg_early_gold": 374.8062143374703,
      "avg_early_damage": 653.2670117171241,
      "avg_early_vision": 0.7298034865562504,
      "avg_early_farm": 42.37931034482759,
      "match_count": 145
    },
    "Däzzler": {
      "first_blood_kills": 11,
      "first_blood_kills_rate": 0.05365853658536585,
      "first_blood_assists": 28,
      "first_blood_assists_rate": 0.13658536585365855,
      "first_death_count": 24,
      "first_death_rate": 0.11707317073170732,
      "avg_early_takedowns": 4.3951219512195125,
      "avg_early_gold": 298.51514727431606,
      "avg_early_damage": 425.1698355322395,
      "avg_early_vision": 1.936677182985339,
      "avg_early_farm": 19.53170731707317,
      "match_count": 205
    },
    "Morocha": {
      "first_blood_kills": 2,
      "first_blood_kills_rate": 0.03773584905660377,
      "first_blood_assists": 9,
      "first_blood_assists_rate": 0.16981132075471697,
      "first_death_count": 8,
      "first_death_rate": 0.1509433962264151,
      "avg_early_takedowns": 4.490566037735849,
      "avg_early_gold": 354.92342246444065,
      "avg_early_damage": 726.490538245292,
      "avg_early_vision": 0.5651050488290215,