{
  "source_L1": "L1_q440_min4_pool_ac89fa8d",
  "generated_at": "2025-12-07 03:47:20",
  "start_date": null,
  "end_date": null,
  "players": {
    "Bustamantefanboy": {
      "avg_kda": 2.9799912049252417,
      "avg_kills": 6.289328932893289,
      "avg_deaths": 5.003300330033003,
      "avg_assists": 8.62046204620462,
      "avg_gold": 12292.817381738174,
      "avg_damage_dealt": 23507.06490649065,
      "avg_damage_taken": 28605.359735973598,
      "avg_vision_score": 17.50825082508251,
      "max_kills": {
        "kills": 27,
        "match_id": 7576641022
      },
      "max_deaths": {
        "deaths": 15,
        "match_id": 7524964937
      },
      "max_assists": {
        "assists": 37,
        "match_id": 7323543672
      }
    },
    "TheChosenUndead": {
      "avg_kda": 2.142186685207718,
      "avg_kills": 3.6981981981981984,
      "avg_deaths": 6.478603603603603,
      "avg_assists": 10.18018018018018,
      "avg_gold": 9755.597972972973,
      "avg_damage_dealt": 14932.579954954956,
      "avg_damage_taken": 25866.684684684686,
      "avg_vision_score": 39.9222972972973,
      "max_kills": {
        "kills": 27,
        "match_id": 7301623222
      },
      "max_deaths": {
        "deaths": 17,
        "match_id": 7231235112
      },
      "max_assists": {
        "assists": 39,
        "match_id": 7462388227
      }
    },
    "maibad": {
      "avg_kda": 3.103919239904988,
      "avg_kills": 8.275590551181102,
      "avg_deaths": 5.303937007874016,
      "avg_assists": 8.18740157480315,
      "avg_gold": 12855.058267716535,
      "avg_damage_dealt": 27795.776377952756,
      "avg_damage_taken": 32529.814173228347,
      "avg_vision_score": 17.955905511811025,
      "max_kills": {
        "kills": 28,
        "match_id": 7184073522
      },
      "max_deaths": {
        "deaths": 17,
        "match_id": 7207995203
      },
      "max_assists": {
        "assists": 26,
        "match_id": 7241497752
      }
    },
    "Däzzler": {
      "avg_kda": 2.8961748633879782,
      "avg_kills": 3.029268292682927,
      "avg_deaths": 6.248780487804878,
      "avg_assists": 15.06829268292683,
      "avg_gold": 9273.453658536586,
      "avg_damage_dealt": 13550.336585365854,
      "avg_damage_taken": 22210.83414634146,
      "avg_vision_score": 61.34634146341463,
      "max_kills": {
        "kills": 14,
        "match_id": 7355104842
      },
      "max_deaths": {
        "deaths": 15,
        "match_id": 7355104842
      },
      "max_assists": {
        "assists": 47,
        "match_id": 7301623222
      }
    },
    "Nikken": {
      "avg_kda": 3.4988789237668163,
      "avg_kills": 5.84390243902439,
      "avg_deaths": 4.351219512195122,
      "avg_assists": 9.38048780487805,
      "avg_gold": 12361.38536585366,
      "avg_damage_dealt": 26880.829268292684,
      "avg_damage_taken": 22259.517073170733,
      "avg_vision_score": 22.931707317073172,
      "max_kills": {
        "kills": 20,
        "match_id": 7398440936
      },
      "max_deaths": {
        "deaths": 12,
        "match_id": 7417475114
      },
      "max_assists": {
        "assists": 30,
        "match_id": 7417091672
      }
    },
    "Morocha": {
      "avg_kda": 1.6674698795180722,
      "avg_kills": 6.471698113207547,
      "avg_deaths": 7.830188679245283,
      "avg_assists": 6.584905660377358,
      "avg_gold": 10524.641509433963,
      "avg_damage_dealt": 22344.735849056604,
      "avg_damage_taken": 31718.245283018867,
      "avg_vision_score": 16.547169811320753,
      "max_kills": {
        "kills": 17,
        "match_id": 7201983688
      },
      "max_deaths": {
        "deaths": 19,
        "match_id": 7185879429
      },
      "max_assists": {
        "assists": 21,
        "match_id": 7518216678
      }
    },
    "FUSHROHDAH": {
      "avg_kda": 2.7302452316076296,
      "avg_kills": 5.36551724137931,
      "avg_deaths": 5.062068965517241,
      "avg_assists": 8.455172413793104,
      "avg_gold": 11281.986206896552,
      "avg_damage_dealt": 20967.124137931034,
      "avg_damage_taken": 25700.089655172414,
      "avg_vision_score": 22.20689655172414,
      "max_kills": {
        "kills": 17,
        "match_id": 7216405103
      },
      "max_deaths": {
        "deaths": 12,
        "match_id": 7474568216
      },
      "max_assists": {
        "assists": 21,
        "match_id": 7221899450
      }
    },
    "SN Bin": {
      "avg_kda": 2.9627643729520403,
      "avg_kills": 7.983108108108108,
      "avg_deaths": 5.670608108108108,
      "avg_assists": 8.817567567567568,
      "avg_gold": 12906.611486486487,
      "avg_damage_dealt": 27501.974662162163,
      "avg_damage_taken": 30137.511824324323,
      "avg_vision_score": 22.1722972972973,
      "max_kills": {
        "kills": 29,
        "match_id": 7328344896
      },
      "max_deaths": {
        "deaths": 15,
        "match_id": 7453312923
      },
      "max_assists": {
        "assists": 36,
        "match_id": 7419249305
      }
    },
    "Joseph Joestar": {
      "avg_kda": 2.1946449359720606,
      "avg_kills": 4.092105263157895,
      "avg_deaths": 5.651315789473684,
      "avg_assists": 8.310526315789474,
      "avg_gold": 10636.577631578948,
      "avg_damage_dealt": 17334.48157894737,
      "avg_damage_taken": 28158.10394736842,
      "avg_vision_score": 22.896052631578947,
      "max_kills": {
        "kills": 19,
        "match_id": 7463347381
      },
      "max_deaths": {
        "deaths": 19,
        "match_id": 7301296374
      },
      "max_assists": {
        "assists": 32,
        "match_id": 7439191915
      }
    },
    "gokusito": {
      "avg_kda": 1.6105769230769231,
      "avg_kills": 4.576086956521739,
      "avg_deaths": 6.782608695652174,
      "avg_assists": 6.3478260869565215,
      "avg_gold": 10775.5,
      "avg_damage_dealt": 15523.228260869566,
      "avg_damage_taken": 32363.695652173912,
      "avg_vision_score": 13.978260869565217,
      "max_kills": {
        "kills": 22,
        "match_id": 7230132426
      },
      "max_deaths": {
        "deaths": 15,
        "match_id": 7204111359
      },
      "max_assists": {
        "assists": 21,
        "match_id": 7223006752
      }
    },
    "Banshee": {
      "avg_kda": 2.374774413475035,
      "avg_kills": 4.194539249146757,
      "avg_deaths": 5.6734926052332195,
      "avg_assists": 9.27872582480091,
      "avg_gold": 10853.733788395904,
      "avg_damage_dealt": 19162.46757679181,
      "avg_damage_taken": 22836.737201365188,
      "avg_vision_score": 31.57792946530148,
      "max_kills": {
        "kills": 26,
        "match_id": 7462388227
      },
      "max_deaths": {
        "deaths": 16,
        "match_id": 7219110147
      },
      "max_assists": {
        "assists": 41,
        "match_id": 7218859320
      }
    },
    "En Vlc No F0II0": {
      "avg_kda": 2.779220779220779,
      "avg_kills": 3.628440366972477,
      "avg_deaths": 6.004587155963303,
      "avg_assists": 13.059633027522937,
      "avg_gold": 9960.54128440367,
      "avg_damage_dealt": 15877.720183486239,
      "avg_damage_taken": 31607.91743119266,
      "avg_vision_score": 35.19266055045872,
      "max_kills": {
        "kills": 16,
        "match_id": 7211982637
      },
      "max_deaths": {
        "deaths": 15,
        "match_id": 7328344896
      },
      "max_assists": {
        "assists": 37,
        "match_id": 7468458266
      }
    },
    "Frieren": {
      "avg_kda": 3.730899830220713,
      "avg_kills": 7.385224274406332,
      "avg_deaths": 4.662269129287599,
      "avg_assists": 10.009234828496043,
      "avg_gold": 12531.75857519789,
      "avg_damage_dealt": 26758.02110817942,
      "avg_damage_taken": 23599.302110817942,
      "avg_vision_score": 30.736147757255935,
      "max_kills": {
        "kills": 33,
        "match_id": 7430828989
      },
      "max_deaths": {
        "deaths": 14,
        "match_id": 7467830689
      },
      "max_assists": {
        "assists": 40,