{
  "source_L1": "L1_q440_min4_pool_ac89fa8d",
  "generated_at": "2025-12-07 03:47:35",
  "start_date": null,
  "end_date": null,
  "troll": {
    "Frieren": {
      "total_matches": 758,
      "early_surrender_own": 4,
      "early_surrender_enemy": 1,
      "afk_own": 144,
      "afk_enemy": 129,
      "pct_early_surrender_own": 0.005277044854881266,
      "pct_early_surrender_enemy": 0.0013192612137203166,
      "pct_afk_own": 0.18997361477572558,
      "pct_afk_enemy": 0.17018469656992086
    },
    "Kyoraku": {
      "total_matches": 773,
      "early_surrender_own": 2,
      "early_surrender_enemy": 4,
      "afk_own": 137,
      "afk_enemy": 139,
      "pct_early_surrender_own": 0.00258732212160414,
      "pct_early_surrender_enemy": 0.00517464424320828,
      "pct_afk_own": 0.17723156532988357,
      "pct_afk_enemy": 0.17981888745148772
    },
    "Banshee": {
      "total_matches": 879,
      "early_surrender_own": 4,
      "early_surrender_enemy": 4,
      "afk_own": 174,
      "afk_enemy": 160,
      "pct_early_surrender_own": 0.004550625711035267,
      "pct_early_surrender_enemy": 0.004550625711035267,
      "pct_afk_own": 0.19795221843003413,
      "pct_afk_enemy": 0.1820250284414107
    },
    "Bustamantefanboy": {
      "total_matches": 909,
      "early_surrender_own": 4,
      "early_surrender_enemy": 3,
      "afk_own": 153,
      "afk_enemy": 139,
      "pct_early_surrender_own": 0.0044004400440044,
      "pct_early_surrender_enemy": 0.0033003300330033004,
      "pct_afk_own": 0.16831683168316833,
      "pct_afk_enemy": 0.15291529152915292
    },
    "Dexus": {
      "total_matches": 634,
      "early_surrender_own": 5,
      "early_surrender_enemy": 0,
      "afk_own": 103,
      "afk_enemy": 114,
      "pct_early_surrender_own": 0.007886435331230283,
      "pct_early_surrender_enemy": 0.0,
      "pct_afk_own": 0.16246056782334384,
      "pct_afk_enemy": 0.17981072555205047
    },
    "SN Bin": {
      "total_matches": 592,
      "early_surrender_own": 6,
      "early_surrender_enemy": 5,
      "afk_own": 105,
      "afk_enemy": 100,
      "pct_early_surrender_own": 0.010135135135135136,
      "pct_early_surrender_enemy": 0.008445945945945946,
      "pct_afk_own": 0.17736486486486486,
      "pct_afk_enemy": 0.16891891891891891
    },
    "Joseph Joestar": {
      "total_matches": 760,
      "early_surrender_own": 5,
      "early_surrender_enemy": 6,
      "afk_own": 156,
      "afk_enemy": 153,
      "pct_early_surrender_own": 0.006578947368421052,
      "pct_early_surrender_enemy": 0.007894736842105263,
      "pct_afk_own": 0.20526315789473684,
      "pct_afk_enemy": 0.2013157894736842
    },
    "TheChosenUndead": {
      "total_matches": 888,
      "early_surrender_own": 3,
      "early_surrender_enemy": 6,
      "afk_own": 163,
      "afk_enemy": 151,
      "pct_early_surrender_own": 0.0033783783783783786,
      "pct_early_surrender_enemy": 0.006756756756756757,
      "pct_afk_own": 0.18355855855855857,
      "pct_afk_enemy": 0.17004504504504506
    },
    "maibad": {
      "total_matches": 635,
      "early_surrender_own": 3,
      "early_surrender_enemy": 3,
      "afk_own": 113,
      "afk_enemy": 117,
      "pct_early_surrender_own": 0.004724409448818898,
      "pct_early_surrender_enemy": 0.004724409448818898,
      "pct_afk_own": 0.17795275590551182,
      "pct_afk_enemy": 0.18425196850393702
    },
    "Kayki マ": {
      "total_matches": 123,
      "early_surrender_own": 1,
      "early_surrender_enemy": 0,
      "afk_own": 21,
      "afk_enemy": 25,
      "pct_early_surrender_own": 0.008130081300813009,
      "pct_early_surrender_enemy": 0.0,
      "pct_afk_own": 0.17073170731707318,
      "pct_afk_enemy": 0.2032520325203252
    },
    "En Vlc No F0II0": {
      "total_matches": 218,
      "early_surrender_own": 1,
      "early_surrender_enemy": 2,
      "afk_own": 29,
      "afk_enemy": 42,
      "pct_early_surrender_own": 0.0045871559633027525,
      "pct_early_surrender_enemy": 0.009174311926605505,
      "pct_afk_own": 0.13302752293577982,
      "pct_afk_enemy": 0.1926605504587156
    },
    "Nikken": {
      "total_matches": 205,
      "early_surrender_own": 0,
      "early_surrender_enemy": 3,
      "afk_own": 29,
      "afk_enemy": 29,
      "pct_early_surrender_own": 0.0,
      "pct_early_surrender_enemy": 0.014634146341463415,
      "pct_afk_own": 0.14146341463414633,
      "pct_afk_enemy": 0.14146341463414633
    },
    "FUSHROHDAH": {
      "total_matches": 145,
      "early_surrender_own": 3,
      "early_surrender_enemy": 3,
      "afk_own": 23,
      "afk_enemy": 20,
      "pct_early_surrender_own": 0.020689655172413793,
      "pct_early_surrender_enemy": 0.020689655172413793,
      "pct_afk_own": 0.15862068965517243,
      "pct_afk_enemy": 0.13793103448275862
    },
    "Däzzler": {
      "total_matches": 205,
      "early_surrender_own": 0,
      "early_surrender_enemy": 2,
      "afk_own": 41,
      "afk_enemy": 24,
      "pct_early_surrender_own": 0.0,
      "pct_early_surrender_enemy": 0.00975609756097561,
      "pct_afk_own": 0.2,
      "pct_afk_enemy": 0.11707317073170732
    },
    "Morocha": {
      "total_matches": 53,
      "early_surrender_own": 1,
      "early_surrender_enemy": 0,
      "afk_own": 9,
      "afk_enemy": 7,
      "pct_early_surrender_own": 0.018867924528301886,
      "pct_early_surrender_enemy": 0.0,
      "pct_afk_own": 0.16981132075471697,
      "pct_afk_enemy": 0.1320754716981132
    },
    "Lady Maria": {
      "total_matches": 39,
      "early_surrender_own": 0,
      "early_surrender_enemy": 0,
      "afk_own": 21,
      "afk_enemy": 9,
      "pct_early_surrender_own": 0.0,
      "pct_early_surrender_enemy": 0.0,
      "pct_afk_own": 0.5384615384615384,
      "pct_afk_enemy": 0.23076923076923078
    },
    "gokusito": {
      "total_matches": 92,
      "early_surrender_own": 3,
      "early_surrender_enemy": 0,
      "afk_own": 21,
      "afk_enemy": 13,
      "pct_early_surrender_own": 0.03260869565217391,
      "pct_early_surrender_enemy": 0.0,
      "pct_afk_own": 0.22826086956521738,
      "pct_afk_enemy": 0.14130434782608695
    },
    "DETOXED": {
      "total_matches": 90,
      "early_surrender_own": 1,
      "early_surrender_enemy": 0,
      "afk_own": 13,
      "afk_enemy": 13,
      "pct_early_surrender_own": 0.011111111111111112,
      "pct_early_surrender_enemy": 0.0,
      "pct_afk_own": 0.14444444444444443,
      "pct_afk_enemy": 0.14444444444444443
    },
    "ñoki": {
      "total_matches": 54,
      "early_surrender_own": 2,
      "early_surrender_enemy": 0,
      "afk_own": 10,
      "afk_enemy": 14,
      "pct_early_surrender_own": 0.037037037037037035,
      "pct_early_surrender_enemy": 0.0,
      "pct_afk_own": 0.18518518518518517,
      "pct_afk_enemy": 0.25925925925925924
    }
  }
}