{
  "Frieren": {
    "first_blood_kills": 109,
    "first_blood_kills_rate": 0.1489071038251366,
    "first_blood_assists": 97,
    "first_blood_assists_rate": 0.1325136612021858,
    "first_death_count": 55,
    "first_death_rate": 0.07513661202185792,
    "avg_early_takedowns": 4.915300546448087,
    "avg_early_gold": 406.42101154886257,
    "avg_early_damage": 830.4827678169152,
    "avg_early_vision": 1.0066321948097683,
    "avg_early_farm": 51.78825136612022,
    "match_count": 732
  },
  "Kyoraku": {
    "first_blood_kills": 111,
    "first_blood_kills_rate": 0.14721485411140584,
    "first_blood_assists": 66,
    "first_blood_assists_rate": 0.08753315649867374,
    "first_death_count": 72,
    "first_death_rate": 0.09549071618037135,
    "avg_early_takedowns": 4.891246684350133,
    "avg_early_gold": 431.28946559053344,
    "avg_early_damage": 916.9179356081519,
    "avg_early_vision": 0.7783409917842505,
    "avg_early_farm": 49.69496021220159,
    "match_count": 754
  },
  "Banshee": {
    "first_blood_kills": 44,
    "first_blood_kills_rate": 0.05098493626882966,
    "first_blood_assists": 78,
    "first_blood_assists_rate": 0.09038238702201622,
    "first_death_count": 83,
    "first_death_rate": 0.09617612977983778,
    "avg_early_takedowns": 3.381228273464658,
    "avg_early_gold": 354.86821418334137,
    "avg_early_damage": 602.4375365172592,
    "avg_early_vision": 1.0094466253361818,
    "avg_early_farm": 44.5874855156431,
    "match_count": 863
  },
  "Bustamantefanboy": {
    "first_blood_kills": 77,
    "first_blood_kills_rate": 0.08612975391498881,
    "first_blood_assists": 75,
    "first_blood_assists_rate": 0.08389261744966443,
    "first_death_count": 87,
    "first_death_rate": 0.09731543624161074,
    "avg_early_takedowns": 3.9272930648769573,
    "avg_early_gold": 395.1074179466481,
    "avg_early_damage": 729.9626729277935,
    "avg_early_vision": 0.5697599121978695,
    "avg_early_farm": 49.0,
    "match_count": 894
  },
  "Dexus": {
    "first_blood_kills": 46,
    "first_blood_kills_rate": 0.07540983606557378,
    "first_blood_assists": 22,
    "first_blood_assists_rate": 0.036065573770491806,
    "first_death_count": 61,
    "first_death_rate": 0.1,
    "avg_early_takedowns": 4.386885245901639,
    "avg_early_gold": 443.73238893591525,
    "avg_early_damage": 809.3640525520455,
    "avg_early_vision": 0.7097943284829682,
    "avg_early_farm": 16.608196721311476,
    "match_count": 610
  },
  "SN Bin": {
    "first_blood_kills": 83,
    "first_blood_kills_rate": 0.14020270270270271,
    "first_blood_assists": 68,
    "first_blood_assists_rate": 0.11486486486486487,
    "first_death_count": 49,
    "first_death_rate": 0.08277027027027027,
    "avg_early_takedowns": 4.905405405405405,
    "avg_early_gold": 424.71077075918777,
    "avg_early_damage": 869.4110278824988,
    "avg_early_vision": 0.7343263735340181,
    "avg_early_farm": 48.48986486486486,
    "match_count": 592
  },
  "Joseph Joestar": {
    "first_blood_kills": 32,
    "first_blood_kills_rate": 0.043478260869565216,
    "first_blood_assists": 54,
    "first_blood_assists_rate": 0.07336956521739131,
    "first_death_count": 54,
    "first_death_rate": 0.07336956521739131,
    "avg_early_takedowns": 3.360054347826087,
    "avg_early_gold": 351.48868154930767,
    "avg_early_damage": 549.3537939832239,
    "avg_early_vision": 0.7680756215816062,
    "avg_early_farm": 34.39945652173913,
    "match_count": 736
  },
  "TheChosenUndead": {
    "first_blood_kills": 63,
    "first_blood_kills_rate": 0.07274826789838337,
    "first_blood_assists": 89,
    "first_blood_assists_rate": 0.10277136258660508,
    "first_death_count": 114,
    "first_death_rate": 0.13163972286374134,
    "avg_early_takedowns": 3.676674364896074,
    "avg_early_gold": 317.99166235916,
    "avg_early_damage": 471.17741462068443,
    "avg_early_vision": 1.2725074050772422,
    "avg_early_farm": 32.02540415704388,
    "match_count": 866
  },
  "maibad": {
    "first_blood_kills": 83,
    "first_blood_kills_rate": 0.13070866141732285,
    "first_blood_assists": 49,
    "first_blood_assists_rate": 0.07716535433070866,
    "first_death_count": 45,
    "first_death_rate": 0.07086614173228346,
    "avg_early_takedowns": 4.651968503937008,
    "avg_early_gold": 421.3880975208647,
    "avg_early_damage": 881.0589728836101,
    "avg_early_vision": 0.5943041963819189,
    "avg_early_farm": 41.58740157480315,
    "match_count": 635
  },
  "Kayki マ": {
    "first_blood_kills": 1,
    "first_blood_kills_rate": 0.008928571428571428,
    "first_blood_assists": 10,
    "first_blood_assists_rate": 0.08928571428571429,
    "first_death_count": 10,
    "first_death_rate": 0.08928571428571429,
    "avg_early_takedowns": 2.9732142857142856,
    "avg_early_gold": 295.6602558031812,
    "avg_early_damage": 332.76130565193034,
    "avg_early_vision": 1.1495085925848767,
    "avg_early_farm": 31.696428571428573,
    "match_count": 112
  },
  "En Vlc No F0II0": {
    "first_blood_kills": 20,
    "first_blood_kills_rate": 0.0947867298578199,
    "first_blood_assists": 54,
    "first_blood_assists_rate": 0.2559241706161137,
    "first_death_count": 24,
    "first_death_rate": 0.11374407582938388,
    "avg_early_takedowns": 5.014218009478673,
    "avg_early_gold": 333.504325427484,
    "avg_early_damage": 510.68364439634627,
    "avg_early_vision": 1.1445129371086655,
    "avg_early_farm": 22.322274881516588,
    "match_count": 211
  },
  "Nikken": {
    "first_blood_kills": 10,
    "first_blood_kills_rate": 0.04878048780487805,
    "first_blood_assists": 20,
    "first_blood_assists_rate": 0.0975609756097561,
    "first_death_count": 16,
    "first_death_rate": 0.07804878048780488,
    "avg_early_takedowns": 3.3024390243902437,
    "avg_early_gold": 385.0977320694399,
    "avg_early_damage": 799.3246928729922,
    "avg_early_vision": 0.7227401710405287,
    "avg_early_farm": 60.40975609756097,
    "match_count": 205
  },
  "FUSHROHDAH": {
    "first_blood_kills": 7,
    "first_blood_kills_rate": 0.04827586206896552,
    "first_blood_assists": 24,
    "first_blood_assists_rate": 0.16551724137931034,
    "first_death_count": 6,
    "first_death_rate": 0.041379310344827586,
    "avg_early_takedowns": 3.793103448275862,
    "avg_early_gold": 374.8062143374703,
    "avg_early_damage": 653.2670117171241,
    "avg_early_vision": 0.7298034865562504,
    "avg_early_farm": 42.37931034482759,
    "match_count": 145
  },
  "Däzzler": {
    "first_blood_kills": 11,
    "first_blood_kills_rate": 0.055,
    "first_blood_assists": 28,
    "first_blood_assists_rate": 0.14,
    "first_death_count": 24,
    "first_death_rate": 0.12,
    "avg_early_takedowns": 4.38,
    "avg_early_gold": 297.767022057809,
    "avg_early_damage": 418.97364776991265,
    "avg_early_vision": 1.9468505913702194,
    "avg_early_farm": 19.145,
    "match_count": 200
  },
  "Morocha": {
    "first_blood_kills": 2,
    "first_blood_kills_rate": 0.03773584905660377,
    "first_blood_assists": 9,
    "first_blood_assists_rate": 0.16981132075471697,
    "first_death_count": 8,
    "first_death_rate": 0.1509433962264151,
    "avg_early_takedowns": 4.490566037735849,
    "avg_early_gold": 354.92342246444065,
    "avg_early_damage": 726.490538245292,
    "avg_early_vision": 0.5651050488290215,
    "avg_early_farm": 37.64150943396226,
    "match_count": 53
  },
  "Lady Maria": {
    "first_blood_kills": 1,
    "first_blood_kills_rate": 0.02702702702702703,
    "first_blood_assists": 7,
    "first_blood_assists_rate": 0.1891891891891892,
    "first_death_count": 4,
    "first_death_rate": 0.10810810810810811,
    "avg_early_takedowns": 4.0,
    "avg_early_gold": 252.2417291306888,
    "avg_early_damage": 210.5535569798035,
    "avg_early_vision": 1.0829904746134995,
    "avg_early_farm": 5.135135135135135,
    "match_count": 37
  },
  "gokusito": {
    "first_blood_kills": 14,
    "first_blood_kills_rate": 0.15217391304347827,
    "first_blood_assists": 13,