{
  "Frieren": {
    "avg_Q": 120.77949940405244,
    "avg_W": 65.93921334922527,
    "avg_E": 50.75446960667461,
    "avg_R": 16.401668653158524,
    "max_Q": 643,
    "max_W": 337,
    "max_E": 321,
    "max_R": 263,
    "matches": 839
  },
  "Kyoraku": {
    "avg_Q": 139.37078651685394,
    "avg_W": 59.20973782771536,
    "avg_E": 66.92384519350811,
    "avg_R": 15.092384519350812,
    "max_Q": 1090,
    "max_W": 309,
    "max_E": 594,
    "max_R": 549,
    "matches": 801
  },
  "Banshee": {
    "avg_Q": 101.80195865070729,
    "avg_W": 67.99564744287268,
    "avg_E": 63.156692056583246,
    "avg_R": 15.670293797606094,
    "max_Q": 369,
    "max_W": 285,
    "max_E": 542,
    "max_R": 130,
    "matches": 919
  },
  "Bustamantefanboy": {
    "avg_Q": 153.67922497308933,
    "avg_W": 50.31001076426265,
    "avg_E": 65.34230355220667,
    "avg_R": 11.702906350914962,
    "max_Q": 886,
    "max_W": 289,
    "max_E": 640,
    "max_R": 134,
    "matches": 929
  },
  "Dexus": {
    "avg_Q": 144.65817091454272,
    "avg_W": 50.668665667166415,
    "avg_E": 117.20389805097452,
    "avg_R": 22.991004497751124,
    "max_Q": 1047,
    "max_W": 255,
    "max_E": 292,
    "max_R": 271,
    "matches": 667
  },
  "SN Bin": {
    "avg_Q": 117.11534276387377,
    "avg_W": 50.75625680087051,
    "avg_E": 54.991294885745376,
    "avg_R": 12.48531011969532,
    "max_Q": 781,
    "max_W": 260,
    "max_E": 257,
    "max_R": 229,
    "matches": 919
  },
  "Joseph Joestar": {
    "avg_Q": 116.59957401490948,
    "avg_W": 60.81150159744409,
    "avg_E": 61.133120340788075,
    "avg_R": 11.246006389776358,
    "max_Q": 460,
    "max_W": 254,
    "max_E": 766,
    "max_R": 127,
    "matches": 939
  },
  "TheChosenUndead": {
    "avg_Q": 87.37368421052632,
    "avg_W": 42.94421052631579,
    "avg_E": 52.43052631578947,
    "avg_R": 10.623157894736842,
    "max_Q": 367,
    "max_W": 247,
    "max_E": 277,
    "max_R": 149,
    "matches": 950
  },
  "maibad": {
    "avg_Q": 133.50617283950618,
    "avg_W": 83.31944444444444,
    "avg_E": 71.55401234567901,
    "avg_R": 14.82716049382716,
    "max_Q": 417,
    "max_W": 299,
    "max_E": 236,
    "max_R": 204,
    "matches": 648
  },
  "Kayki マ": {
    "avg_Q": 68.95945945945945,
    "avg_W": 43.50675675675676,
    "avg_E": 37.358108108108105,
    "avg_R": 6.885135135135135,
    "max_Q": 179,
    "max_W": 166,
    "max_E": 136,
    "max_R": 45,
    "matches": 148
  },
  "En Vlc No F0II0": {
    "avg_Q": 92.0494623655914,
    "avg_W": 55.7505376344086,
    "avg_E": 65.1247311827957,
    "avg_R": 10.503225806451614,
    "max_Q": 501,
    "max_W": 350,
    "max_E": 325,
    "max_R": 182,
    "matches": 465
  },
  "Nikken": {
    "avg_Q": 138.6496062992126,
    "avg_W": 67.85433070866142,
    "avg_E": 60.326771653543304,
    "avg_R": 9.901574803149606,
    "max_Q": 546,
    "max_W": 156,
    "max_E": 141,
    "max_R": 67,
    "matches": 254
  },
  "FUSHROHDAH": {
    "avg_Q": 88.38679245283019,
    "avg_W": 62.411949685534594,
    "avg_E": 54.15408805031446,
    "avg_R": 14.880503144654089,
    "max_Q": 294,
    "max_W": 304,
    "max_E": 229,
    "max_R": 140,
    "matches": 318
  },
  "Däzzler": {
    "avg_Q": 79.67871485943775,
    "avg_W": 59.437751004016064,
    "avg_E": 66.57429718875503,
    "avg_R": 9.542168674698795,
    "max_Q": 223,
    "max_W": 202,
    "max_E": 188,
    "max_R": 80,
    "matches": 249
  },
  "Morocha": {
    "avg_Q": 89.0,
    "avg_W": 57.28378378378378,
    "avg_E": 55.567567567567565,
    "avg_R": 12.621621621621621,
    "max_Q": 364,
    "max_W": 158,
    "max_E": 244,
    "max_R": 86,
    "matches": 74
  },
  "Lady Maria": {
    "avg_Q": 31.53191489361702,
    "avg_W": 45.59574468085106,
    "avg_E": 43.5531914893617,
    "avg_R": 7.808510638297872,
    "max_Q": 60,
    "max_W": 95,
    "max_E": 95,
    "max_R": 18,
    "matches": 47
  },
  "gokusito": {
    "avg_Q": 97.36220472440945,
    "avg_W": 57.826771653543304,
    "avg_E": 40.99212598425197,
    "avg_R": 8.622047244094489,
    "max_Q": 461,
    "max_W": 217,
    "max_E": 117,
    "max_R": 130,
    "matches": 127
  },
  "DETOXED": {
    "avg_Q": 164.08474576271186,
    "avg_W": 87.23728813559322,
    "avg_E": 92.59322033898304,
    "avg_R": 20.449152542372882,
    "max_Q": 509,
    "max_W": 387,
    "max_E": 271,
    "max_R": 363,
    "matches": 118
  },
  "ñoki": {
    "avg_Q": 40.388888888888886,
    "avg_W": 32.18055555555556,
    "avg_E": 55.486111111111114,
    "avg_R": 7.305555555555555,
    "max_Q": 97,
    "max_W": 134,
    "max_E": 184,
    "max_R": 21,
    "matches": 72
  }
}