{
  "Frieren": {
    "ego_index": 0.36163359510457604,
    "selfish_score": 1.262381664997806,
    "teamplay_score": 1.0883670359013442,
    "tilt_score": 0.9380948300405717,
    "match_count": 839,
    "avg_kills": 7.228843861740167,
    "avg_deaths": 4.685339690107271,
    "avg_assists": 9.794994040524434,
    "avg_gold": 12377.032181168057,
    "avg_damage_dealt": 26179.41358760429,
    "avg_vision_score": 30.528009535160905,
    "lost_by_surrender": 156,
    "lost_surrender_rate": 0.18593563766388557
  },
  "Kyoraku": {
    "ego_index": 0.6678002059703205,
    "selfish_score": 1.3968748097345356,
    "teamplay_score": 0.8840228610318883,
    "tilt_score": 0.774741286338366,
    "match_count": 801,
    "avg_kills": 8.213483146067416,
    "avg_deaths": 4.982521847690387,
    "avg_assists": 8.394506866416979,
    "avg_gold": 13121.976279650436,
    "avg_damage_dealt": 28942.645443196005,
    "avg_vision_score": 23.481897627965044,
    "lost_by_surrender": 123,
    "lost_surrender_rate": 0.15355805243445692
  },
  "Banshee": {
    "ego_index": 0.026588136578463983,
    "selfish_score": 0.8942431736957963,
    "teamplay_score": 1.0740772543154566,
    "tilt_score": 1.0321110859906215,
    "match_count": 919,
    "avg_kills": 4.23177366702938,
    "avg_deaths": 5.67791077257889,
    "avg_assists": 9.243743199129488,
    "avg_gold": 10860.79760609358,
    "avg_damage_dealt": 19170.44613710555,
    "avg_vision_score": 31.393906420021764,
    "lost_by_surrender": 188,
    "lost_surrender_rate": 0.2045701849836779
  },
  "Bustamantefanboy": {
    "ego_index": 0.5383468386833733,
    "selfish_score": 1.1526594189603085,
    "teamplay_score": 0.7848414992930185,
    "tilt_score": 0.8526445950804161,
    "match_count": 929,
    "avg_kills": 6.308934337997847,
    "avg_deaths": 5.01184068891281,
    "avg_assists": 8.604951560818083,
    "avg_gold": 12304.637244348762,
    "avg_damage_dealt": 23532.473627556512,
    "avg_vision_score": 17.393972012917114,
    "lost_by_surrender": 157,
    "lost_surrender_rate": 0.1689989235737352
  },
  "Dexus": {
    "ego_index": 0.7510724349436049,
    "selfish_score": 1.369770507147898,
    "teamplay_score": 0.7805701884100984,
    "tilt_score": 0.8093605810290263,
    "match_count": 667,
    "avg_kills": 8.35832083958021,
    "avg_deaths": 5.88455772113943,
    "avg_assists": 7.295352323838081,
    "avg_gold": 13455.013493253373,
    "avg_damage_dealt": 25793.17691154423,
    "avg_vision_score": 21.083958020989506,
    "lost_by_surrender": 107,
    "lost_surrender_rate": 0.16041979010494753
  },
  "SN Bin": {
    "ego_index": 0.6857379930635561,
    "selfish_score": 1.3777257917572456,
    "teamplay_score": 0.8775481960685991,
    "tilt_score": 0.927801986874548,
    "match_count": 919,
    "avg_kills": 8.26550598476605,
    "avg_deaths": 5.75734494015234,
    "avg_assists": 8.723612622415668,
    "avg_gold": 12846.623503808487,
    "avg_damage_dealt": 27898.21871599565,
    "avg_vision_score": 22.139281828073994,
    "lost_by_surrender": 169,
    "lost_surrender_rate": 0.1838955386289445
  },
  "Joseph Joestar": {
    "ego_index": 0.2527505162577536,
    "selfish_score": 0.877632651630532,
    "teamplay_score": 0.8494744001149267,
    "tilt_score": 1.1229613237107416,
    "match_count": 939,
    "avg_kills": 4.335463258785943,
    "avg_deaths": 5.650692225772098,
    "avg_assists": 8.084132055378062,
    "avg_gold": 10682.614483493078,
    "avg_damage_dealt": 17861.78700745474,
    "avg_vision_score": 22.511182108626198,
    "lost_by_surrender": 209,
    "lost_surrender_rate": 0.22257720979765708
  },
  "TheChosenUndead": {
    "ego_index": -0.2666260735939385,
    "selfish_score": 0.7834486045033512,
    "teamplay_score": 1.2476366897128786,
    "tilt_score": 0.9878100580779444,
    "match_count": 950,
    "avg_kills": 3.9042105263157896,
    "avg_deaths": 6.443157894736842,
    "avg_assists": 9.948421052631579,
    "avg_gold": 9801.357894736842,
    "avg_damage_dealt": 15292.48105263158,
    "avg_vision_score": 38.83157894736842,
    "lost_by_surrender": 186,
    "lost_surrender_rate": 0.1957894736842105
  },
  "maibad": {
    "ego_index": 0.8361806482282773,
    "selfish_score": 1.380333013624504,
    "teamplay_score": 0.7746151527415058,
    "tilt_score": 1.1523139367263955,
    "match_count": 648,
    "avg_kills": 8.316358024691358,
    "avg_deaths": 5.342592592592593,
    "avg_assists": 8.229938271604938,
    "avg_gold": 12855.155864197532,
    "avg_damage_dealt": 27804.03240740741,
    "avg_vision_score": 17.955246913580247,
    "lost_by_surrender": 148,
    "lost_surrender_rate": 0.22839506172839505
  },
  "Kayki マ": {
    "ego_index": -0.1825803570868097,
    "selfish_score": 0.6107105454775367,
    "teamplay_score": 1.0387362962454398,
    "tilt_score": 1.2272269684054673,
    "match_count": 148,
    "avg_kills": 2.6283783783783785,
    "avg_deaths": 5.391891891891892,
    "avg_assists": 7.547297297297297,
    "avg_gold": 9175.858108108108,
    "avg_damage_dealt": 11196.27027027027,
    "avg_vision_score": 34.53378378378378,
    "lost_by_surrender": 36,
    "lost_surrender_rate": 0.24324324324324326
  },
  "En Vlc No F0II0": {
    "ego_index": -0.335315914078113,
    "selfish_score": 0.7807956099964771,
    "teamplay_score": 1.307072145777252,
    "tilt_score": 0.9548031085133097,
    "match_count": 465,
    "avg_kills": 3.724731182795699,
    "avg_deaths": 6.073118279569893,
    "avg_assists": 12.610752688172044,
    "avg_gold": 9916.258064516129,
    "avg_damage_dealt": 15800.759139784946,
    "avg_vision_score": 34.12258064516129,
    "lost_by_surrender": 88,
    "lost_surrender_rate": 0.18924731182795698
  },
  "Nikken": {
    "ego_index": 0.4385611548136143,
    "selfish_score": 1.185251436238505,
    "teamplay_score": 0.8976510091220111,
    "tilt_score": 0.7548036384856024,
    "match_count": 254,
    "avg_kills": 6.078740157480315,
    "avg_deaths": 4.2047244094488185,
    "avg_assists": 9.10236220472441,
    "avg_gold": 12285.948818897637,
    "avg_damage_dealt": 26904.185039370077,
    "avg_vision_score": 22.11023622047244,
    "lost_by_surrender": 38,
    "lost_surrender_rate": 0.14960629921259844
  },
  "FUSHROHDAH": {
    "ego_index": 0.27314404524986013,
    "selfish_score": 1.0270803880743344,
    "teamplay_score": 0.9252850138848603,
    "tilt_score": 0.8567433553019299,
    "match_count": 318,
    "avg_kills": 5.383647798742138,
    "avg_deaths": 5.336477987421383,
    "avg_assists": 8.858490566037736,
    "avg_gold": 11386.446540880503,
    "avg_damage_dealt": 21387.154088050316,
    "avg_vision_score": 24.361635220125788,
    "lost_by_surrender": 54,
    "lost_surrender_rate": 0.16981132075471697
  },
  "Däzzler": {
    "ego_index": -1.0829203756504466,
    "selfish_score": 0.6672465599029637,
    "teamplay_score": 1.9284735401552933,
    "tilt_score": 0.8915330230094157,
    "match_count": 249,
    "avg_kills": 2.9558232931726907,
    "avg_deaths": 6.244979919678715,
    "avg_assists": 14.939759036144578,
    "avg_gold": 9164.208835341366,
    "avg_damage_dealt": 13380.586345381525,
    "avg_vision_score": 61.333333333333336,
    "lost_by_surrender": 44,
    "lost_surrender_rate": 0.17670682730923695
  },
  "Morocha": {
    "ego_index": 0.6955906007458048,
    "selfish_score": 1.1646405469038354,
    "teamplay_score": 0.6735877742256086,
    "tilt_score": 1.0226891403378895,
    "match_count": 74,
    "avg_kills": 7.108108108108108,
    "avg_deaths": 7.972972972972973,
    "avg_assists": 6.4324324324324325,
    "avg_gold": 10751.878378378378,
    "avg_damage_dealt": 23175.932432432433,
    "avg_vision_score": 17.783783783783782,
    "lost_by_surrender": 15,
    "lost_surrender_rate": 0.20270270270270271
  },
  "Lady Maria": {
    "ego_index": -0.6046066466109759,
    "selfish_score": 0.36659515020813155,
    "teamplay_score": 1.2503016416432349,
    "tilt_score": 1.3954992241206376,
    "match_count": 47,
    "avg_kills": 1.0638297872340425,
    "avg_deaths": 6.617021276595745,