{
  "Frieren": {
    "first_blood_kills": 125,
    "first_blood_kills_rate": 0.14898688915375446,
    "first_blood_assists": 107,
    "first_blood_assists_rate": 0.12753277711561384,
    "first_death_count": 68,
    "first_death_rate": 0.08104886769964244,
    "avg_early_takedowns": 4.866507747318236,
    "avg_early_gold": 404.4279963861404,
    "avg_early_damage": 820.365838993179,
    "avg_early_vision": 0.9977231910157394,
    "avg_early_farm": 51.62336114421931,
    "match_count": 839
  },
  "Kyoraku": {
    "first_blood_kills": 116,
    "first_blood_kills_rate": 0.14481897627965043,
    "first_blood_assists": 70,
    "first_blood_assists_rate": 0.08739076154806492,
    "first_death_count": 79,
    "first_death_rate": 0.0986267166042447,
    "avg_early_takedowns": 4.947565543071161,
    "avg_early_gold": 432.97633077317437,
    "avg_early_damage": 926.4045156065207,
    "avg_early_vision": 0.7699187577993368,
    "avg_early_farm": 50.006242197253435,
    "match_count": 801
  },
  "Banshee": {
    "first_blood_kills": 48,
    "first_blood_kills_rate": 0.05223068552774755,
    "first_blood_assists": 81,
    "first_blood_assists_rate": 0.088139281828074,
    "first_death_count": 86,
    "first_death_rate": 0.09357997823721437,
    "avg_early_takedowns": 3.4102285092491837,
    "avg_early_gold": 355.66881578535543,
    "avg_early_damage": 605.1204726596154,
    "avg_early_vision": 1.0070136711668276,
    "avg_early_farm": 44.55168661588684,
    "match_count": 919
  },
  "Bustamantefanboy": {
    "first_blood_kills": 81,
    "first_blood_kills_rate": 0.08719052744886975,
    "first_blood_assists": 77,
    "first_blood_assists_rate": 0.08288482238966631,
    "first_death_count": 90,
    "first_death_rate": 0.0968783638320775,
    "avg_early_takedowns": 3.9634015069967705,
    "avg_early_gold": 396.1450811986507,
    "avg_early_damage": 731.972892797032,
    "avg_early_vision": 0.5681173632723833,
    "avg_early_farm": 48.917115177610334,
    "match_count": 929
  },
  "Dexus": {
    "first_blood_kills": 53,
    "first_blood_kills_rate": 0.07946026986506746,
    "first_blood_assists": 26,
    "first_blood_assists_rate": 0.038980509745127435,
    "first_death_count": 64,
    "first_death_rate": 0.095952023988006,
    "avg_early_takedowns": 4.422788605697152,
    "avg_early_gold": 444.54430067349153,
    "avg_early_damage": 818.3262187774552,
    "avg_early_vision": 0.7059608491503246,
    "avg_early_farm": 17.928035982008996,
    "match_count": 667
  },
  "SN Bin": {
    "first_blood_kills": 139,
    "first_blood_kills_rate": 0.1512513601741023,
    "first_blood_assists": 135,
    "first_blood_assists_rate": 0.14689880304678998,
    "first_death_count": 81,
    "first_death_rate": 0.088139281828074,
    "avg_early_takedowns": 5.162132752992383,
    "avg_early_gold": 423.9445084461615,
    "avg_early_damage": 881.6186556662767,
    "avg_early_vision": 0.7343658316285908,
    "avg_early_farm": 47.53210010881393,
    "match_count": 919
  },
  "Joseph Joestar": {
    "first_blood_kills": 45,
    "first_blood_kills_rate": 0.04792332268370607,
    "first_blood_assists": 70,
    "first_blood_assists_rate": 0.07454739084132056,
    "first_death_count": 71,
    "first_death_rate": 0.07561235356762513,
    "avg_early_takedowns": 3.4600638977635785,
    "avg_early_gold": 355.29741682192946,
    "avg_early_damage": 569.2165641790864,
    "avg_early_vision": 0.7590432953460674,
    "avg_early_farm": 35.17571884984026,
    "match_count": 939
  },
  "TheChosenUndead": {
    "first_blood_kills": 70,
    "first_blood_kills_rate": 0.07368421052631578,
    "first_blood_assists": 96,
    "first_blood_assists_rate": 0.10105263157894737,
    "first_death_count": 125,
    "first_death_rate": 0.13157894736842105,
    "avg_early_takedowns": 3.7494736842105265,
    "avg_early_gold": 321.43657502583693,
    "avg_early_damage": 484.6991076569017,
    "avg_early_vision": 1.2484689131427524,
    "avg_early_farm": 32.04421052631579,
    "match_count": 950
  },
  "maibad": {
    "first_blood_kills": 86,
    "first_blood_kills_rate": 0.13271604938271606,
    "first_blood_assists": 49,
    "first_blood_assists_rate": 0.07561728395061729,
    "first_death_count": 46,
    "first_death_rate": 0.07098765432098765,
    "avg_early_takedowns": 4.700617283950617,
    "avg_early_gold": 421.82458442440776,
    "avg_early_damage": 882.1093697231163,
    "avg_early_vision": 0.5953174107376205,
    "avg_early_farm": 40.8070987654321,
    "match_count": 648
  },
  "Kayki マ": {
    "first_blood_kills": 2,
    "first_blood_kills_rate": 0.013513513513513514,
    "first_blood_assists": 13,
    "first_blood_assists_rate": 0.08783783783783784,
    "first_death_count": 11,
    "first_death_rate": 0.07432432432432433,
    "avg_early_takedowns": 2.8513513513513513,
    "avg_early_gold": 299.1584236686102,
    "avg_early_damage": 352.3831760698886,
    "avg_early_vision": 1.0870567680755048,
    "avg_early_farm": 34.479729729729726,
    "match_count": 148
  },
  "En Vlc No F0II0": {
    "first_blood_kills": 41,
    "first_blood_kills_rate": 0.08817204301075268,
    "first_blood_assists": 122,
    "first_blood_assists_rate": 0.2623655913978495,
    "first_death_count": 45,
    "first_death_rate": 0.0967741935483871,
    "avg_early_takedowns": 5.163440860215053,
    "avg_early_gold": 329.9175028556541,
    "avg_early_damage": 503.3396964888425,
    "avg_early_vision": 1.108954748508458,
    "avg_early_farm": 23.094623655913978,
    "match_count": 465
  },
  "Nikken": {
    "first_blood_kills": 12,
    "first_blood_kills_rate": 0.047244094488188976,
    "first_blood_assists": 21,
    "first_blood_assists_rate": 0.08267716535433071,
    "first_death_count": 19,
    "first_death_rate": 0.07480314960629922,
    "avg_early_takedowns": 3.358267716535433,
    "avg_early_gold": 389.34851752297493,
    "avg_early_damage": 812.185914391334,
    "avg_early_vision": 0.7014201364235877,
    "avg_early_farm": 61.976377952755904,
    "match_count": 254
  },
  "FUSHROHDAH": {
    "first_blood_kills": 23,
    "first_blood_kills_rate": 0.07232704402515723,
    "first_blood_assists": 50,
    "first_blood_assists_rate": 0.15723270440251572,
    "first_death_count": 20,
    "first_death_rate": 0.06289308176100629,
    "avg_early_takedowns": 3.688679245283019,
    "avg_early_gold": 368.9535918361922,
    "avg_early_damage": 657.2944596923634,
    "avg_early_vision": 0.793965721383151,
    "avg_early_farm": 44.742138364779876,
    "match_count": 318
  },
  "Däzzler": {
    "first_blood_kills": 11,
    "first_blood_kills_rate": 0.04417670682730924,
    "first_blood_assists": 34,
    "first_blood_assists_rate": 0.13654618473895583,
    "first_death_count": 29,
    "first_death_rate": 0.11646586345381527,
    "avg_early_takedowns": 4.465863453815261,
    "avg_early_gold": 298.5440432050386,
    "avg_early_damage": 425.3949490350304,
    "avg_early_vision": 1.959240601346921,
    "avg_early_farm": 18.674698795180724,
    "match_count": 249
  },
  "Morocha": {
    "first_blood_kills": 5,
    "first_blood_kills_rate": 0.06756756756756757,
    "first_blood_assists": 13,
    "first_blood_assists_rate": 0.17567567567567569,
    "first_death_count": 12,
    "first_death_rate": 0.16216216216216217,
    "avg_early_takedowns": 4.756756756756757,
    "avg_early_gold": 357.4648083819348,
    "avg_early_damage": 741.51993896907,
    "avg_early_vision": 0.5966964061279109,
    "avg_early_farm": 35.41891891891892,
    "match_count": 74
  },
  "Lady Maria": {
    "first_blood_kills": 1,
    "first_blood_kills_rate": 0.02127659574468085,
    "first_blood_assists": 8,
    "first_blood_assists_rate": 0.1702127659574468,
    "first_death_count": 5,
    "first_death_rate": 0.10638297872340426,
    "avg_early_takedowns": 4.1063829787234045,
    "avg_early_gold": 254.9334169052062,
    "avg_early_damage": 217.56214443538897,
    "avg_early_vision": 1.152031418375619,
    "avg_early_farm": 4.851063829787234,
    "match_count": 47
  },