{
  "Frieren": {
    "avg_kda": 4.4576271186440675,
    "avg_kills": 6.166666666666667,
    "avg_deaths": 4.916666666666667,
    "avg_assists": 15.75,
    "avg_gold": 12934.833333333334,
    "avg_damage_dealt": 25168.833333333332,
    "avg_damage_taken": 31676.416666666668,
    "avg_vision_score": 37.25,
    "max_kills": {
      "kills": 12,
      "match_id": 7538008188
    },
    "max_deaths": {
      "deaths": 9,
      "match_id": 7536710611
    },
    "max_assists": {
      "assists": 25,
      "match_id": 7537027832
    }
  },
  "FUSHROHDAH": {
    "avg_kda": 2.6688273423688864,
    "avg_kills": 5.383647798742138,
    "avg_deaths": 5.336477987421383,
    "avg_assists": 8.858490566037736,
    "avg_gold": 11386.446540880503,
    "avg_damage_dealt": 21387.154088050316,
    "avg_damage_taken": 26054.68238993711,
    "avg_vision_score": 24.361635220125788,
    "max_kills": {
      "kills": 20,
      "match_id": 6867929598
    },
    "max_deaths": {
      "deaths": 13,
      "match_id": 7168108933
    },
    "max_assists": {
      "assists": 32,
      "match_id": 7192523148
    }
  },
  "En Vlc No F0II0": {
    "avg_kda": 2.689801699716714,
    "avg_kills": 3.724731182795699,
    "avg_deaths": 6.073118279569893,
    "avg_assists": 12.610752688172044,
    "avg_gold": 9916.258064516129,
    "avg_damage_dealt": 15800.759139784946,
    "avg_damage_taken": 31569.944086021504,
    "avg_vision_score": 34.12258064516129,
    "max_kills": {
      "kills": 20,
      "match_id": 6912958070
    },
    "max_deaths": {
      "deaths": 18,
      "match_id": 7253324014
    },
    "max_assists": {
      "assists": 42,
      "match_id": 7251950126
    }
  },
  "SN Bin": {
    "avg_kda": 2.9508599508599507,
    "avg_kills": 8.26550598476605,
    "avg_deaths": 5.75734494015234,
    "avg_assists": 8.723612622415668,
    "avg_gold": 12846.623503808487,
    "avg_damage_dealt": 27898.21871599565,
    "avg_damage_taken": 30079.442872687705,
    "avg_vision_score": 22.139281828073994,
    "max_kills": {
      "kills": 39,
      "match_id": 7548379886
    },
    "max_deaths": {
      "deaths": 15,
      "match_id": 6722865597
    },
    "max_assists": {
      "assists": 36,
      "match_id": 7419249305
    }
  },
  "Bustamantefanboy": {
    "avg_kda": 3.005181347150259,
    "avg_kills": 8.642857142857142,
    "avg_deaths": 5.514285714285714,
    "avg_assists": 7.928571428571429,
    "avg_gold": 13439.828571428572,
    "avg_damage_dealt": 28043.97142857143,
    "avg_damage_taken": 33386.71428571428,
    "avg_vision_score": 19.385714285714286,
    "max_kills": {
      "kills": 25,
      "match_id": 7601801493
    },
    "max_deaths": {
      "deaths": 13,
      "match_id": 7601801493
    },
    "max_assists": {
      "assists": 29,
      "match_id": 7620623870
    }
  },
  "TheChosenUndead": {
    "avg_kda": 2.149975494200294,
    "avg_kills": 3.9042105263157896,
    "avg_deaths": 6.443157894736842,
    "avg_assists": 9.948421052631579,
    "avg_gold": 9801.357894736842,
    "avg_damage_dealt": 15292.48105263158,
    "avg_damage_taken": 25898.24105263158,
    "avg_vision_score": 38.83157894736842,
    "max_kills": {
      "kills": 27,
      "match_id": 7301623222
    },
    "max_deaths": {
      "deaths": 17,
      "match_id": 7231235112
    },
    "max_assists": {
      "assists": 39,
      "match_id": 7462388227
    }
  },
  "maibad": {
    "avg_kda": 3.097053726169844,
    "avg_kills": 8.316358024691358,
    "avg_deaths": 5.342592592592593,
    "avg_assists": 8.229938271604938,
    "avg_gold": 12855.155864197532,
    "avg_damage_dealt": 27804.03240740741,
    "avg_damage_taken": 32676.202160493827,
    "avg_vision_score": 17.955246913580247,
    "max_kills": {
      "kills": 28,
      "match_id": 7184073522
    },
    "max_deaths": {
      "deaths": 17,
      "match_id": 7207995203
    },
    "max_assists": {
      "assists": 26,
      "match_id": 7241497752
    }
  },
  "Däzzler": {
    "avg_kda": 2.865594855305466,
    "avg_kills": 2.9558232931726907,
    "avg_deaths": 6.244979919678715,
    "avg_assists": 14.939759036144578,
    "avg_gold": 9164.208835341366,
    "avg_damage_dealt": 13380.586345381525,
    "avg_damage_taken": 21878.859437751005,
    "avg_vision_score": 61.333333333333336,
    "max_kills": {
      "kills": 14,
      "match_id": 7355104842
    },
    "max_deaths": {
      "deaths": 15,
      "match_id": 7355104842
    },
    "max_assists": {
      "assists": 47,
      "match_id": 7301623222
    }
  },
  "Nikken": {
    "avg_kda": 3.6104868913857677,
    "avg_kills": 6.078740157480315,
    "avg_deaths": 4.2047244094488185,
    "avg_assists": 9.10236220472441,
    "avg_gold": 12285.948818897637,
    "avg_damage_dealt": 26904.185039370077,
    "avg_damage_taken": 21379.96850393701,
    "avg_vision_score": 22.11023622047244,
    "max_kills": {
      "kills": 20,
      "match_id": 7398440936
    },
    "max_deaths": {
      "deaths": 12,
      "match_id": 7417475114
    },
    "max_assists": {
      "assists": 30,
      "match_id": 7417091672
    }
  },
  "Morocha": {
    "avg_kda": 1.6983050847457628,
    "avg_kills": 7.108108108108108,
    "avg_deaths": 7.972972972972973,
    "avg_assists": 6.4324324324324325,
    "avg_gold": 10751.878378378378,
    "avg_damage_dealt": 23175.932432432433,
    "avg_damage_taken": 31190.567567567567,
    "avg_vision_score": 17.783783783783782,
    "max_kills": {
      "kills": 17,
      "match_id": 7201983688
    },
    "max_deaths": {
      "deaths": 19,
      "match_id": 7185879429
    },
    "max_assists": {
      "assists": 21,
      "match_id": 7518216678
    }
  },
  "Joseph Joestar": {
    "avg_kda": 2.1978891820580473,
    "avg_kills": 4.335463258785943,
    "avg_deaths": 5.650692225772098,
    "avg_assists": 8.084132055378062,
    "avg_gold": 10682.614483493078,
    "avg_damage_dealt": 17861.78700745474,
    "avg_damage_taken": 27910.428115015973,
    "avg_vision_score": 22.511182108626198,
    "max_kills": {
      "kills": 19,
      "match_id": 7463347381
    },
    "max_deaths": {
      "deaths": 19,
      "match_id": 7301296374
    },
    "max_assists": {
      "assists": 32,
      "match_id": 7439191915
    }
  },
  "gokusito": {
    "avg_kda": 1.6349206349206349,
    "avg_kills": 4.74015748031496,
    "avg_deaths": 6.94488188976378,
    "avg_assists": 6.6141732283464565,
    "avg_gold": 10988.992125984252,
    "avg_damage_dealt": 15982.299212598426,
    "avg_damage_taken": 33714.52755905512,
    "avg_vision_score": 13.724409448818898,
    "max_kills": {
      "kills": 22,
      "match_id": 7230132426
    },
    "max_deaths": {
      "deaths": 15,
      "match_id": 7204111359
    },
    "max_assists": {
      "assists": 21,
      "match_id": 7319595207
    }
  },
  "Banshee": {
    "avg_kda": 2.5244122965641953,
    "avg_kills": 6.268817204301075,
    "avg_deaths": 5.946236559139785,
    "avg_assists": 8.741935483870968,
    "avg_gold": 11957.47311827957,
    "avg_damage_dealt": 22958.43010752688,
    "avg_damage_taken": 25670.05376344086,
    "avg_vision_score": 23.35483870967742,
    "max_kills": {
      "kills": 22,
      "match_id": 7309264546
    },
    "max_deaths": {
      "deaths": 15,
      "match_id": 7224357615
    },
    "max_assists": {
      "assists": 30,
      "match_id": 7224385236
    }
  },
  "DETOXED": {
    "avg_kda": 4.026,
    "avg_kills": 7.677966101694915,
    "avg_deaths": 4.237288135593221,
    "avg_assists": 9.38135593220339,
    "avg_gold": 13313.43220338983,
    "avg_damage_dealt": 27591.084745762713,
    "avg_damage_taken": 32912.69491525424,
    "avg_vision_score": 22.991525423728813,
    "max_kills": {
      "kills": 24,
      "match_id": 7361618706
    },
    "max_deaths": {
      "deaths": 12,
      "match_id": 7241012947
    },
    "max_assists": {
      "assists": 41,
      "match_id": 7241497752
    }
  },
  "Kyoraku": {
    "avg_kda": 3.825641025641026,
    "avg_kills": 10.069767441860465,
    "avg_deaths": 4.534883720930233,
    "avg_assists": 7.27906976744186,