{
  "Frieren": {
    "first_blood_kills": 195,
    "first_blood_kills_rate": 0.13347022587268995,
    "first_blood_assists": 168,
    "first_blood_assists_rate": 0.11498973305954825,
    "first_death_count": 112,
    "first_death_rate": 0.07665982203969883,
    "avg_early_takedowns": 4.600273785078714,
    "avg_early_gold": 401.7535044994738,
    "avg_early_damage": 789.809862353313,
    "avg_early_vision": 0.9639774370845439,
    "avg_early_farm": 55.30595482546201,
    "match_count": 1461
  },
  "Kyoraku": {
    "first_blood_kills": 117,
    "first_blood_kills_rate": 0.1453416149068323,
    "first_blood_assists": 70,
    "first_blood_assists_rate": 0.08695652173913043,
    "first_death_count": 79,
    "first_death_rate": 0.09813664596273292,
    "avg_early_takedowns": 4.9540372670807455,
    "avg_early_gold": 433.17986068417395,
    "avg_early_damage": 928.9763956559642,
    "avg_early_vision": 0.7687035339955461,
    "avg_early_farm": 50.01614906832298,
    "match_count": 805
  },
  "Banshee": {
    "first_blood_kills": 48,
    "first_blood_kills_rate": 0.05223068552774755,
    "first_blood_assists": 81,
    "first_blood_assists_rate": 0.088139281828074,
    "first_death_count": 86,
    "first_death_rate": 0.09357997823721437,
    "avg_early_takedowns": 3.4102285092491837,
    "avg_early_gold": 355.66881578535543,
    "avg_early_damage": 605.1204726596154,
    "avg_early_vision": 1.0070136711668276,
    "avg_early_farm": 44.55168661588684,
    "match_count": 919
  },
  "Bustamantefanboy": {
    "first_blood_kills": 81,
    "first_blood_kills_rate": 0.08681672025723473,
    "first_blood_assists": 77,
    "first_blood_assists_rate": 0.08252947481243302,
    "first_death_count": 90,
    "first_death_rate": 0.09646302250803858,
    "avg_early_takedowns": 3.9742765273311895,
    "avg_early_gold": 396.3509339856879,
    "avg_early_damage": 733.0060929875921,
    "avg_early_vision": 0.5681034178946419,
    "avg_early_farm": 48.82851018220793,
    "match_count": 933
  },
  "Dexus": {
    "first_blood_kills": 53,
    "first_blood_kills_rate": 0.07946026986506746,
    "first_blood_assists": 26,
    "first_blood_assists_rate": 0.038980509745127435,
    "first_death_count": 64,
    "first_death_rate": 0.095952023988006,
    "avg_early_takedowns": 4.422788605697152,
    "avg_early_gold": 444.54430067349153,
    "avg_early_damage": 818.3262187774552,
    "avg_early_vision": 0.7059608491503246,
    "avg_early_farm": 17.928035982008996,
    "match_count": 667
  },
  "SN Bin": {
    "first_blood_kills": 141,
    "first_blood_kills_rate": 0.1501597444089457,
    "first_blood_assists": 138,
    "first_blood_assists_rate": 0.14696485623003194,
    "first_death_count": 86,
    "first_death_rate": 0.09158679446219382,
    "avg_early_takedowns": 5.156549520766773,
    "avg_early_gold": 423.523672029762,
    "avg_early_damage": 879.1779466233367,
    "avg_early_vision": 0.7375597707113282,
    "avg_early_farm": 47.43024494142705,
    "match_count": 939
  },
  "Joseph Joestar": {
    "first_blood_kills": 51,
    "first_blood_kills_rate": 0.05172413793103448,
    "first_blood_assists": 74,
    "first_blood_assists_rate": 0.07505070993914807,
    "first_death_count": 74,
    "first_death_rate": 0.07505070993914807,
    "avg_early_takedowns": 3.4858012170385395,
    "avg_early_gold": 356.09917456039943,
    "avg_early_damage": 574.0456900715001,
    "avg_early_vision": 0.7632422776822156,
    "avg_early_farm": 34.918864097363084,
    "match_count": 986
  },
  "TheChosenUndead": {
    "first_blood_kills": 71,
    "first_blood_kills_rate": 0.0743455497382199,
    "first_blood_assists": 96,
    "first_blood_assists_rate": 0.10052356020942409,
    "first_death_count": 125,
    "first_death_rate": 0.13089005235602094,
    "avg_early_takedowns": 3.749738219895288,
    "avg_early_gold": 321.3573902753075,
    "avg_early_damage": 485.49231154105877,
    "avg_early_vision": 1.2473074957219654,
    "avg_early_farm": 32.05026178010471,
    "match_count": 955
  },
  "maibad": {
    "first_blood_kills": 86,
    "first_blood_kills_rate": 0.13210445468509985,
    "first_blood_assists": 49,
    "first_blood_assists_rate": 0.07526881720430108,
    "first_death_count": 46,
    "first_death_rate": 0.0706605222734255,
    "avg_early_takedowns": 4.701996927803379,
    "avg_early_gold": 421.4959698331446,
    "avg_early_damage": 880.4757364339534,
    "avg_early_vision": 0.5962784074014814,
    "avg_early_farm": 40.64823348694316,
    "match_count": 651
  },
  "Kayki マ": {
    "first_blood_kills": 3,
    "first_blood_kills_rate": 0.018633540372670808,
    "first_blood_assists": 13,
    "first_blood_assists_rate": 0.08074534161490683,
    "first_death_count": 11,
    "first_death_rate": 0.06832298136645963,
    "avg_early_takedowns": 2.888198757763975,
    "avg_early_gold": 301.12677472384877,
    "avg_early_damage": 368.8435537847784,
    "avg_early_vision": 1.0493330554303635,
    "avg_early_farm": 35.38509316770186,
    "match_count": 161
  },
  "En Vlc No F0II0": {
    "first_blood_kills": 46,
    "first_blood_kills_rate": 0.08778625954198473,
    "first_blood_assists": 139,
    "first_blood_assists_rate": 0.2652671755725191,
    "first_death_count": 49,
    "first_death_rate": 0.09351145038167939,
    "avg_early_takedowns": 5.187022900763359,
    "avg_early_gold": 332.67813881246144,
    "avg_early_damage": 509.0637354600814,
    "avg_early_vision": 1.0952445436726284,
    "avg_early_farm": 23.108778625954198,
    "match_count": 524
  },
  "Nikken": {
    "first_blood_kills": 12,
    "first_blood_kills_rate": 0.046875,
    "first_blood_assists": 22,
    "first_blood_assists_rate": 0.0859375,
    "first_death_count": 19,
    "first_death_rate": 0.07421875,
    "avg_early_takedowns": 3.359375,
    "avg_early_gold": 389.47362306531943,
    "avg_early_damage": 812.4321074361524,
    "avg_early_vision": 0.6991789290372606,
    "avg_early_farm": 62.09375,
    "match_count": 256
  },
  "FUSHROHDAH": {
    "first_blood_kills": 33,
    "first_blood_kills_rate": 0.07349665924276169,
    "first_blood_assists": 67,
    "first_blood_assists_rate": 0.1492204899777283,
    "first_death_count": 23,
    "first_death_rate": 0.051224944320712694,
    "avg_early_takedowns": 3.7906458797327396,
    "avg_early_gold": 371.8748682668281,
    "avg_early_damage": 652.5376424304735,
    "avg_early_vision": 0.7998292788008533,
    "avg_early_farm": 44.80846325167038,
    "match_count": 449
  },
  "Däzzler": {
    "first_blood_kills": 14,
    "first_blood_kills_rate": 0.04745762711864407,
    "first_blood_assists": 47,
    "first_blood_assists_rate": 0.15932203389830507,
    "first_death_count": 30,
    "first_death_rate": 0.1016949152542373,
    "avg_early_takedowns": 4.661016949152542,
    "avg_early_gold": 298.94273291125313,
    "avg_early_damage": 420.4934786605322,
    "avg_early_vision": 1.9771513590264889,
    "avg_early_farm": 18.166101694915255,
    "match_count": 295
  },
  "Morocha": {
    "first_blood_kills": 6,
    "first_blood_kills_rate": 0.07894736842105263,
    "first_blood_assists": 14,
    "first_blood_assists_rate": 0.18421052631578946,
    "first_death_count": 12,
    "first_death_rate": 0.15789473684210525,
    "avg_early_takedowns": 4.802631578947368,
    "avg_early_gold": 360.18074262990865,
    "avg_early_damage": 740.8672782697003,
    "avg_early_vision": 0.5949268748273955,
    "avg_early_farm": 35.30263157894737,
    "match_count": 76
  },
  "Lady Maria": {
    "first_blood_kills": 1,
    "first_blood_kills_rate": 0.01694915254237288,
    "first_blood_assists": 12,
    "first_blood_assists_rate": 0.2033898305084746,
    "first_death_count": 8,
    "first_death_rate": 0.13559322033898305,
    "avg_early_takedowns": 3.983050847457627,
    "avg_early_gold": 256.147380893033,
    "avg_early_damage": 217.8612675260112,
    "avg_early_vision": 1.0711330608753014,
    "avg_early_farm": 4.728813559322034,
    "match_count": 59
  },
  "gokusito": {
    "first_blood_kills": 16,