{
  "Frieren": {
    "avg_Q": 115.66050650239562,
    "avg_W": 69.45585215605749,
    "avg_E": 53.06228610540725,
    "avg_R": 20.132101300479125,
    "max_Q": 643,
    "max_W": 337,
    "max_E": 321,
    "max_R": 263,
    "matches": 1461
  },
  "Kyoraku": {
    "avg_Q": 139.92546583850933,
    "avg_W": 59.43975155279503,
    "avg_E": 67.05341614906833,
    "avg_R": 15.119254658385094,
    "max_Q": 1090,
    "max_W": 309,
    "max_E": 594,
    "max_R": 549,
    "matches": 805
  },
  "Banshee": {
    "avg_Q": 101.80195865070729,
    "avg_W": 67.99564744287268,
    "avg_E": 63.156692056583246,
    "avg_R": 15.670293797606094,
    "max_Q": 369,
    "max_W": 285,
    "max_E": 542,
    "max_R": 130,
    "matches": 919
  },
  "Bustamantefanboy": {
    "avg_Q": 153.63772775991424,
    "avg_W": 50.351554126473744,
    "avg_E": 65.36870310825294,
    "avg_R": 11.70203644158628,
    "max_Q": 886,
    "max_W": 289,
    "max_E": 640,
    "max_R": 134,
    "matches": 933
  },
  "Dexus": {
    "avg_Q": 144.65817091454272,
    "avg_W": 50.668665667166415,
    "avg_E": 117.20389805097452,
    "avg_R": 22.991004497751124,
    "max_Q": 1047,
    "max_W": 255,
    "max_E": 292,
    "max_R": 271,
    "matches": 667
  },
  "SN Bin": {
    "avg_Q": 117.20021299254526,
    "avg_W": 51.11821086261981,
    "avg_E": 55.0702875399361,
    "avg_R": 12.413205537806176,
    "max_Q": 781,
    "max_W": 260,
    "max_E": 257,
    "max_R": 229,
    "matches": 939
  },
  "Joseph Joestar": {
    "avg_Q": 116.44320486815415,
    "avg_W": 60.59330628803245,
    "avg_E": 61.089249492900606,
    "avg_R": 11.276876267748479,
    "max_Q": 460,
    "max_W": 254,
    "max_E": 766,
    "max_R": 127,
    "matches": 986
  },
  "TheChosenUndead": {
    "avg_Q": 87.38219895287958,
    "avg_W": 42.88062827225131,
    "avg_E": 52.54659685863874,
    "avg_R": 10.645026178010472,
    "max_Q": 367,
    "max_W": 247,
    "max_E": 277,
    "max_R": 149,
    "matches": 955
  },
  "maibad": {
    "avg_Q": 133.30721966205837,
    "avg_W": 83.11827956989248,
    "avg_E": 71.49462365591398,
    "avg_R": 14.798771121351766,
    "max_Q": 417,
    "max_W": 299,
    "max_E": 236,
    "max_R": 204,
    "matches": 651
  },
  "Kayki マ": {
    "avg_Q": 69.64596273291926,
    "avg_W": 43.63354037267081,
    "avg_E": 36.83229813664596,
    "avg_R": 7.496894409937888,
    "max_Q": 179,
    "max_W": 166,
    "max_E": 136,
    "max_R": 46,
    "matches": 161
  },
  "En Vlc No F0II0": {
    "avg_Q": 91.67175572519083,
    "avg_W": 57.48091603053435,
    "avg_E": 65.66221374045801,
    "avg_R": 10.475190839694656,
    "max_Q": 501,
    "max_W": 350,
    "max_E": 325,
    "max_R": 182,
    "matches": 524
  },
  "Nikken": {
    "avg_Q": 139.09765625,
    "avg_W": 67.984375,
    "avg_E": 60.40234375,
    "avg_R": 9.90234375,
    "max_Q": 546,
    "max_W": 156,
    "max_E": 141,
    "max_R": 67,
    "matches": 256
  },
  "FUSHROHDAH": {
    "avg_Q": 89.65033407572383,
    "avg_W": 63.29844097995546,
    "avg_E": 53.10022271714922,
    "avg_R": 13.968819599109132,
    "max_Q": 389,
    "max_W": 304,
    "max_E": 239,
    "max_R": 153,
    "matches": 449
  },
  "Däzzler": {
    "avg_Q": 76.69491525423729,
    "avg_W": 58.86101694915254,
    "avg_E": 66.75593220338983,
    "avg_R": 9.454237288135593,
    "max_Q": 223,
    "max_W": 202,
    "max_E": 188,
    "max_R": 80,
    "matches": 295
  },
  "Morocha": {
    "avg_Q": 87.38157894736842,
    "avg_W": 56.56578947368421,
    "avg_E": 55.38157894736842,
    "avg_R": 12.776315789473685,
    "max_Q": 364,
    "max_W": 158,
    "max_E": 244,
    "max_R": 86,
    "matches": 76
  },
  "Lady Maria": {
    "avg_Q": 31.93220338983051,
    "avg_W": 48.3728813559322,
    "avg_E": 44.101694915254235,
    "avg_R": 7.966101694915254,
    "max_Q": 60,
    "max_W": 112,
    "max_E": 102,
    "max_R": 21,
    "matches": 59
  },
  "gokusito": {
    "avg_Q": 99.2734375,
    "avg_W": 57.9375,
    "avg_E": 40.9296875,
    "avg_R": 8.6875,
    "max_Q": 461,
    "max_W": 217,
    "max_E": 117,
    "max_R": 130,
    "matches": 128
  },
  "DETOXED": {
    "avg_Q": 160.4517766497462,
    "avg_W": 87.11167512690355,
    "avg_E": 83.6243654822335,
    "avg_R": 20.314720812182742,
    "max_Q": 509,
    "max_W": 493,
    "max_E": 271,
    "max_R": 363,
    "matches": 197
  },
  "ñoki": {
    "avg_Q": 41.76136363636363,
    "avg_W": 31.113636363636363,
    "avg_E": 61.39772727272727,
    "avg_R": 7.579545454545454,
    "max_Q": 97,
    "max_W": 134,
    "max_E": 184,
    "max_R": 24,
    "matches": 88
  }
}