{
  "Frieren": {
    "ego_index": 0.3482352042315754,
    "selfish_score": 1.2100479481439603,
    "teamplay_score": 1.0361357255324108,
    "tilt_score": 0.8716149081001295,
    "match_count": 1461,
    "avg_kills": 6.885010266940451,
    "avg_deaths": 4.634496919917864,
    "avg_assists": 9.08624229979466,
    "avg_gold": 12171.599589322383,
    "avg_damage_dealt": 24916.429158110885,
    "avg_vision_score": 29.204654346338124,
    "lost_by_surrender": 253,
    "lost_surrender_rate": 0.1731690622861054
  },
  "Kyoraku": {
    "ego_index": 0.6602253070992175,
    "selfish_score": 1.3980210482817317,
    "teamplay_score": 0.8916089283578439,
    "tilt_score": 0.7690659358766483,
    "match_count": 805,
    "avg_kills": 8.245962732919255,
    "avg_deaths": 4.982608695652174,
    "avg_assists": 8.380124223602484,
    "avg_gold": 13132.648447204969,
    "avg_damage_dealt": 29032.346583850933,
    "avg_vision_score": 23.45465838509317,
    "lost_by_surrender": 123,
    "lost_surrender_rate": 0.15279503105590062
  },
  "Banshee": {
    "ego_index": 0.013635686251087104,
    "selfish_score": 0.8927495460686048,
    "teamplay_score": 1.0850472068376473,
    "tilt_score": 1.029666735100648,
    "match_count": 919,
    "avg_kills": 4.23177366702938,
    "avg_deaths": 5.67791077257889,
    "avg_assists": 9.243743199129488,
    "avg_gold": 10860.79760609358,
    "avg_damage_dealt": 19170.44613710555,
    "avg_vision_score": 31.393906420021764,
    "lost_by_surrender": 188,
    "lost_surrender_rate": 0.2045701849836779
  },
  "Bustamantefanboy": {
    "ego_index": 0.5297671507560813,
    "selfish_score": 1.1522079127012503,
    "teamplay_score": 0.792915402512185,
    "tilt_score": 0.8523732028350797,
    "match_count": 933,
    "avg_kills": 6.327974276527331,
    "avg_deaths": 5.009646302250804,
    "avg_assists": 8.612004287245444,
    "avg_gold": 12305.69774919614,
    "avg_damage_dealt": 23554.159699892818,
    "avg_vision_score": 17.39549839228296,
    "lost_by_surrender": 158,
    "lost_surrender_rate": 0.16934619506966775
  },
  "Dexus": {
    "ego_index": 0.7399208279057047,
    "selfish_score": 1.3668629544216595,
    "teamplay_score": 0.7884308806431232,
    "tilt_score": 0.8074437706358418,
    "match_count": 667,
    "avg_kills": 8.35832083958021,
    "avg_deaths": 5.88455772113943,
    "avg_assists": 7.295352323838081,
    "avg_gold": 13455.013493253373,
    "avg_damage_dealt": 25793.17691154423,
    "avg_vision_score": 21.083958020989506,
    "lost_by_surrender": 107,
    "lost_surrender_rate": 0.16041979010494753
  },
  "SN Bin": {
    "ego_index": 0.6689502648653871,
    "selfish_score": 1.3718804603194585,
    "teamplay_score": 0.8873243692966487,
    "tilt_score": 0.9219708692128863,
    "match_count": 939,
    "avg_kills": 8.242811501597444,
    "avg_deaths": 5.749733759318424,
    "avg_assists": 8.700745473908412,
    "avg_gold": 12835.651757188498,
    "avg_damage_dealt": 27832.580404685836,
    "avg_vision_score": 22.264110756123536,
    "lost_by_surrender": 172,
    "lost_surrender_rate": 0.18317358892438765
  },
  "Joseph Joestar": {
    "ego_index": 0.24466372960553792,
    "selfish_score": 0.8820721391561545,
    "teamplay_score": 0.8589560653638924,
    "tilt_score": 1.107738279066379,
    "match_count": 986,
    "avg_kills": 4.390466531440162,
    "avg_deaths": 5.647058823529412,
    "avg_assists": 8.077079107505071,
    "avg_gold": 10688.09939148073,
    "avg_damage_dealt": 17978.922920892495,
    "avg_vision_score": 22.5841784989858,
    "lost_by_surrender": 217,
    "lost_surrender_rate": 0.22008113590263692
  },
  "TheChosenUndead": {
    "ego_index": -0.279077084970056,
    "selfish_score": 0.7815849441566844,
    "teamplay_score": 1.2588324436937552,
    "tilt_score": 0.9908520728350739,
    "match_count": 955,
    "avg_kills": 3.899476439790576,
    "avg_deaths": 6.440837696335079,
    "avg_assists": 9.93717277486911,
    "avg_gold": 9791.258638743455,
    "avg_damage_dealt": 15300.814659685864,
    "avg_vision_score": 38.772774869109945,
    "lost_by_surrender": 188,
    "lost_surrender_rate": 0.1968586387434555
  },
  "maibad": {
    "ego_index": 0.8269960002967554,
    "selfish_score": 1.3745168257933145,
    "teamplay_score": 0.7810172845663729,
    "tilt_score": 1.1674822953490689,
    "match_count": 651,
    "avg_kills": 8.299539170506913,
    "avg_deaths": 5.3379416282642085,
    "avg_assists": 8.2073732718894,
    "avg_gold": 12833.095238095239,
    "avg_damage_dealt": 27732.453149001536,
    "avg_vision_score": 17.956989247311828,
    "lost_by_surrender": 151,
    "lost_surrender_rate": 0.23195084485407066
  },
  "Kayki マ": {
    "ego_index": -0.13138098587659247,
    "selfish_score": 0.6302359547980392,
    "teamplay_score": 1.0179722526335144,
    "tilt_score": 1.2817765597944137,
    "match_count": 161,
    "avg_kills": 2.801242236024845,
    "avg_deaths": 5.3229813664596275,
    "avg_assists": 7.422360248447205,
    "avg_gold": 9210.310559006211,
    "avg_damage_dealt": 11647.689440993789,
    "avg_vision_score": 33.18633540372671,
    "lost_by_surrender": 41,
    "lost_surrender_rate": 0.2546583850931677
  },
  "En Vlc No F0II0": {
    "ego_index": -0.32390761314881444,
    "selfish_score": 0.7859011874650013,
    "teamplay_score": 1.3019201636066482,
    "tilt_score": 0.9605568149641623,
    "match_count": 524,
    "avg_kills": 3.7786259541984735,
    "avg_deaths": 6.043893129770993,
    "avg_assists": 12.517175572519085,
    "avg_gold": 9919.461832061068,
    "avg_damage_dealt": 15957.902671755724,
    "avg_vision_score": 33.41030534351145,
    "lost_by_surrender": 100,
    "lost_surrender_rate": 0.19083969465648856
  },
  "Nikken": {
    "ego_index": 0.4291572013639783,
    "selfish_score": 1.1852181940432795,
    "teamplay_score": 0.9054876122071638,
    "tilt_score": 0.7471330976393125,
    "match_count": 256,
    "avg_kills": 6.09375,
    "avg_deaths": 4.21484375,
    "avg_assists": 9.1015625,
    "avg_gold": 12304.03125,
    "avg_damage_dealt": 26939.2578125,
    "avg_vision_score": 22.0546875,
    "lost_by_surrender": 38,
    "lost_surrender_rate": 0.1484375
  },
  "FUSHROHDAH": {
    "ego_index": 0.2716224985161858,
    "selfish_score": 1.0362917988694043,
    "teamplay_score": 0.9395462631203242,
    "tilt_score": 0.8743848138355288,
    "match_count": 449,
    "avg_kills": 5.601336302895323,
    "avg_deaths": 5.33184855233853,
    "avg_assists": 8.951002227171493,
    "avg_gold": 11409.73719376392,
    "avg_damage_dealt": 21008.87973273942,
    "avg_vision_score": 24.356347438752785,
    "lost_by_surrender": 78,
    "lost_surrender_rate": 0.17371937639198218
  },
  "Däzzler": {
    "ego_index": -1.121136132877178,
    "selfish_score": 0.6547459751713927,
    "teamplay_score": 1.9533278849580182,
    "tilt_score": 0.8872288845472371,
    "match_count": 295,
    "avg_kills": 2.8745762711864407,
    "avg_deaths": 6.067796610169491,
    "avg_assists": 15.033898305084746,
    "avg_gold": 9099.671186440679,
    "avg_damage_dealt": 13131.637288135593,
    "avg_vision_score": 61.31525423728814,
    "lost_by_surrender": 52,
    "lost_surrender_rate": 0.17627118644067796
  },
  "Morocha": {
    "ego_index": 0.7022770886325651,
    "selfish_score": 1.162932336873483,
    "teamplay_score": 0.6725844149951161,
    "tilt_score": 1.0596458337709915,
    "match_count": 76,
    "avg_kills": 7.157894736842105,
    "avg_deaths": 7.921052631578948,
    "avg_assists": 6.342105263157895,
    "avg_gold": 10744.973684210527,
    "avg_damage_dealt": 22993.17105263158,
    "avg_vision_score": 17.63157894736842,
    "lost_by_surrender": 16,
    "lost_surrender_rate": 0.21052631578947367
  },
  "Lady Maria": {
    "ego_index": -0.6275860457583461,
    "selfish_score": 0.3710405043839301,
    "teamplay_score": 1.2374958652126862,
    "tilt_score": 1.19434657535205,
    "match_count": 59,
    "avg_kills": 1.0677966101694916,
    "avg_deaths": 6.47457627118644,
    "avg_assists": 12.440677966101696,