{
  "source_L1": "L1_q440_min5_pool_season",
  "generated_at": "2026-03-04 02:17:23",
  "start_date": null,
  "end_date": null,
  "ego": {
    "Fran": {
      "ego_index": 0.45108793294479066,
      "selfish_score": 1.3229310163475225,
      "teamplay_score": 0.8718430834027319,
      "tilt_score": 0.0,
      "match_count": 11,
      "avg_kills": 7.090909090909091,
      "avg_deaths": 6.2727272727272725,
      "avg_assists": 9.636363636363637,
      "avg_gold": 13937.90909090909,
      "avg_damage_dealt": 27917.545454545456,
      "avg_vision_score": 34.54545454545455,
      "lost_by_surrender": 0,
      "lost_surrender_rate": 0.0
    },
    "Olaf": {
      "ego_index": 1.0499608590496166,
      "selfish_score": 1.5995273749798065,
      "teamplay_score": 0.7261551446927317,
      "tilt_score": 0.8829431438127091,
      "match_count": 11,
      "avg_kills": 8.636363636363637,
      "avg_deaths": 7.090909090909091,
      "avg_assists": 7.545454545454546,
      "avg_gold": 14557.90909090909,
      "avg_damage_dealt": 37565.454545454544,
      "avg_vision_score": 30.818181818181817,
      "lost_by_surrender": 1,
      "lost_surrender_rate": 0.09090909090909091
    },
    "Carla": {
      "ego_index": -0.42879670444253515,
      "selfish_score": 0.6891626177334367,
      "teamplay_score": 1.3607686867244668,
      "tilt_score": 1.214046822742475,
      "match_count": 8,
      "avg_kills": 2.5,
      "avg_deaths": 5.75,
      "avg_assists": 14.375,
      "avg_gold": 10564.0,
      "avg_damage_dealt": 15506.75,
      "avg_vision_score": 56.75,
      "lost_by_surrender": 1,
      "lost_surrender_rate": 0.125
    },
    "Hugo": {
      "ego_index": 0.46496699973612987,
      "selfish_score": 1.31519700039459,
      "teamplay_score": 0.8502300006584602,
      "tilt_score": 0.0,
      "match_count": 8,
      "avg_kills": 7.375,
      "avg_deaths": 5.75,
      "avg_assists": 10.0,
      "avg_gold": 13699.625,
      "avg_damage_dealt": 26136.625,
      "avg_vision_score": 31.125,
      "lost_by_surrender": 0,
      "lost_surrender_rate": 0.0
    },
    "Eduardo": {
      "ego_index": 0.15137902149662374,
      "selfish_score": 0.8779110522226994,
      "teamplay_score": 1.2121507598230656,
      "tilt_score": 2.42809364548495,
      "match_count": 4,
      "avg_kills": 4.75,
      "avg_deaths": 7.75,
      "avg_assists": 8.0,
      "avg_gold": 11012.5,
      "avg_damage_dealt": 15055.25,
      "avg_vision_score": 71.0,
      "lost_by_surrender": 1,
      "lost_surrender_rate": 0.25
    },
    "Dexus": {
      "ego_index": 1.0280483399102642,
      "selfish_score": 1.8540847576716382,
      "teamplay_score": 0.8260364177613739,
      "tilt_score": 0.0,
      "match_count": 9,
      "avg_kills": 11.222222222222221,
      "avg_deaths": 5.0,
      "avg_assists": 10.11111111111111,
      "avg_gold": 16475.333333333332,
      "avg_damage_dealt": 37188.666666666664,
      "avg_vision_score": 28.555555555555557,
      "lost_by_surrender": 0,
      "lost_surrender_rate": 0.0
    },
    "Dvd": {
      "ego_index": 0.8266295661850624,
      "selfish_score": 1.108275278545967,
      "teamplay_score": 0.6053915317588979,
      "tilt_score": 1.6187290969899664,
      "match_count": 6,
      "avg_kills": 5.333333333333333,
      "avg_deaths": 7.5,
      "avg_assists": 8.333333333333334,
      "avg_gold": 13183.5,
      "avg_damage_dealt": 24191.5,
      "avg_vision_score": 17.0,
      "lost_by_surrender": 1,
      "lost_surrender_rate": 0.16666666666666666
    },
    "Spam": {
      "ego_index": 0.34893008458262753,
      "selfish_score": 0.705433692506293,
      "teamplay_score": 0.3565036079236654,
      "tilt_score": 0.0,
      "match_count": 2,
      "avg_kills": 1.5,
      "avg_deaths": 10.0,
      "avg_assists": 3.5,
      "avg_gold": 9341.0,
      "avg_damage_dealt": 24746.5,
      "avg_vision_score": 16.0,
      "lost_by_surrender": 0,
      "lost_surrender_rate": 0.0
    },
    "Itzantete": {
      "ego_index": 0.0,
      "selfish_score": 0.0,
      "teamplay_score": 0.0,
      "tilt_score": 0.0,
      "match_count": 0,
      "avg_kills": 0.0,
      "avg_deaths": 0.0,
      "avg_assists": 0.0,
      "avg_gold": 0.0,
      "avg_damage_dealt": 0.0,
      "avg_vision_score": 0.0,
      "lost_by_surrender": 0,
      "lost_surrender_rate": 0.0
    },
    "Ainara": {
      "ego_index": -0.5243846047165935,
      "selfish_score": 0.4076149815377569,
      "teamplay_score": 0.9319995862543504,
      "tilt_score": 0.0,
      "match_count": 1,
      "avg_kills": 2.0,
      "avg_deaths": 10.0,
      "avg_assists": 3.0,
      "avg_gold": 7256.0,
      "avg_damage_dealt": 4288.0,
      "avg_vision_score": 68.0,
      "lost_by_surrender": 0,
      "lost_surrender_rate": 0.0
    },
    "Manolito": {
      "ego_index": -0.9457817772826478,
      "selfish_score": 0.7615377472090206,
      "teamplay_score": 1.7073195244916683,
      "tilt_score": 0.0,
      "match_count": 3,
      "avg_kills": 3.0,
      "avg_deaths": 10.0,
      "avg_assists": 22.0,
      "avg_gold": 11390.666666666666,
      "avg_damage_dealt": 16262.0,
      "avg_vision_score": 54.333333333333336,
      "lost_by_surrender": 0,
      "lost_surrender_rate": 0.0
    },
    "Nico": {
      "ego_index": 0.0,
      "selfish_score": 0.0,
      "teamplay_score": 0.0,
      "tilt_score": 0.0,
      "match_count": 0,
      "avg_kills": 0.0,
      "avg_deaths": 0.0,
      "avg_assists": 0.0,
      "avg_gold": 0.0,
      "avg_damage_dealt": 0.0,
      "avg_vision_score": 0.0,
      "lost_by_surrender": 0,
      "lost_surrender_rate": 0.0
    },
    "Lluc": {
      "ego_index": 0.0,
      "selfish_score": 0.0,
      "teamplay_score": 0.0,
      "tilt_score": 0.0,
      "match_count": 0,
      "avg_kills": 0.0,
      "avg_deaths": 0.0,
      "avg_assists": 0.0,
      "avg_gold": 0.0,
      "avg_damage_dealt": 0.0,
      "avg_vision_score": 0.0,
      "lost_by_surrender": 0,
      "lost_surrender_rate": 0.0
    },
    "Ayna": {
      "ego_index": 0.0,
      "selfish_score": 0.0,
      "teamplay_score": 0.0,
      "tilt_score": 0.0,
      "match_count": 0,
      "avg_kills": 0.0,
      "avg_deaths": 0.0,
      "avg_assists": 0.0,
      "avg_gold": 0.0,
      "avg_damage_dealt": 0.0,
      "avg_vision_score": 0.0,
      "lost_by_surrender": 0,
      "lost_surrender_rate": 0.0
    },
    "Morocha": {
      "ego_index": 0.0,
      "selfish_score": 0.0,
      "teamplay_score": 0.0,
      "tilt_score": 0.0,
      "match_count": 0,
      "avg_kills": 0.0,
      "avg_deaths": 0.0,
      "avg_assists": 0.0,
      "avg_gold": 0.0,
      "avg_damage_dealt": 0.0,
      "avg_vision_score": 0.0,
      "lost_by_surrender": 0,
      "lost_surrender_rate": 0.0
    },
    "Paellita": {
      "ego_index": -0.22203971746333862,
      "selfish_score": 0.35832448085126933,
      "teamplay_score": 1.551601656508588,
      "tilt_score": 4.8561872909699,
      "match_count": 2,
      "avg_kills": 0.5,
      "avg_deaths": 6.0,
      "avg_assists": 15.5,
      "avg_gold": 8356.0,
      "avg_damage_dealt": 7523.5,
      "avg_vision_score": 68.5,
      "lost_by_surrender": 1,
      "lost_surrender_rate": 0.5
    }
  }
}