{
  "source_L1": "L1_q440_min5_pool_ac89fa8d",
  "generated_at": "2025-12-06 22:31:31",
  "start_date": null,
  "end_date": null,
  "ego": {
    "Frieren": {
      "ego_index": 0.42122441510991937,
      "selfish_score": 1.2953151171093498,
      "teamplay_score": 1.0804959936645693,
      "tilt_score": 1.0320264583256944,
      "match_count": 629,
      "avg_kills": 7.284578696343402,
      "avg_deaths": 4.618441971383148,
      "avg_assists": 10.014308426073132,
      "avg_gold": 12506.904610492846,
      "avg_damage_dealt": 26468.168521462638,
      "avg_vision_score": 30.46422893481717,
      "lost_by_surrender": 117,
      "lost_surrender_rate": 0.18600953895071543
    },
    "Kyoraku": {
      "ego_index": 0.7046508056535239,
      "selfish_score": 1.4096176808306053,
      "teamplay_score": 0.8715759757615342,
      "tilt_score": 0.833045502922264,
      "match_count": 686,
      "avg_kills": 8.090379008746355,
      "avg_deaths": 5.042274052478134,
      "avg_assists": 8.403790087463557,
      "avg_gold": 13140.2944606414,
      "avg_damage_dealt": 28817.64285714286,
      "avg_vision_score": 23.602040816326532,
      "lost_by_surrender": 103,
      "lost_surrender_rate": 0.15014577259475217
    },
    "Banshee": {
      "ego_index": -0.0010029265479868654,
      "selfish_score": 0.89527887758483,
      "teamplay_score": 1.104715865758767,
      "tilt_score": 1.0421703081297504,
      "match_count": 740,
      "avg_kills": 4.145945945945946,
      "avg_deaths": 5.644594594594595,
      "avg_assists": 9.541891891891892,
      "avg_gold": 10824.47027027027,
      "avg_damage_dealt": 18908.10135135135,
      "avg_vision_score": 33.225675675675674,
      "lost_by_surrender": 139,
      "lost_surrender_rate": 0.18783783783783783
    },
    "Bustamantefanboy": {
      "ego_index": 0.5767051866475404,
      "selfish_score": 1.1598379790358044,
      "teamplay_score": 0.7640070085692983,
      "tilt_score": 0.9043710809051712,
      "match_count": 773,
      "avg_kills": 6.1953428201811125,
      "avg_deaths": 4.984476067270375,
      "avg_assists": 8.496765847347994,
      "avg_gold": 12268.342820181113,
      "avg_damage_dealt": 23447.783958602846,
      "avg_vision_score": 17.318240620957308,
      "lost_by_surrender": 126,
      "lost_surrender_rate": 0.1630012936610608
    },
    "Dexus": {
      "ego_index": 0.790913165855266,
      "selfish_score": 1.3858020778206843,
      "teamplay_score": 0.7761780600207956,
      "tilt_score": 0.9064457402768865,
      "match_count": 557,
      "avg_kills": 8.342908438061041,
      "avg_deaths": 5.797127468581688,
      "avg_assists": 7.36983842010772,
      "avg_gold": 13462.793536804309,
      "avg_damage_dealt": 25373.81867145422,
      "avg_vision_score": 21.359066427289047,
      "lost_by_surrender": 91,
      "lost_surrender_rate": 0.16337522441651706
    },
    "SN Bin": {
      "ego_index": 0.658782461697634,
      "selfish_score": 1.3444570176584798,
      "teamplay_score": 0.8720955814380984,
      "tilt_score": 0.932105127386263,
      "match_count": 500,
      "avg_kills": 7.708,
      "avg_deaths": 5.7,
      "avg_assists": 8.84,
      "avg_gold": 12858.98,
      "avg_damage_dealt": 26943.5,
      "avg_vision_score": 22.33,
      "lost_by_surrender": 84,
      "lost_surrender_rate": 0.168
    },
    "Joseph Joestar": {
      "ego_index": 0.230791461254753,
      "selfish_score": 0.8668267309966642,
      "teamplay_score": 0.8646564124963787,
      "tilt_score": 1.1431057137723375,
      "match_count": 597,
      "avg_kills": 4.1624790619765495,
      "avg_deaths": 5.653266331658291,
      "avg_assists": 8.31323283082077,
      "avg_gold": 10694.00837520938,
      "avg_damage_dealt": 17169.68676716918,
      "avg_vision_score": 23.485762144053602,
      "lost_by_surrender": 123,
      "lost_surrender_rate": 0.20603015075376885
    },
    "TheChosenUndead": {
      "ego_index": -0.3164905838265386,
      "selfish_score": 0.7506665273324724,
      "teamplay_score": 1.2770090915715322,
      "tilt_score": 1.0492599020626059,
      "match_count": 735,
      "avg_kills": 3.522448979591837,
      "avg_deaths": 6.453061224489796,
      "avg_assists": 10.178231292517006,
      "avg_gold": 9664.248979591837,
      "avg_damage_dealt": 14564.119727891157,
      "avg_vision_score": 40.948299319727894,
      "lost_by_surrender": 139,
      "lost_surrender_rate": 0.1891156462585034
    },
    "maibad": {
      "ego_index": 0.8834778141535872,
      "selfish_score": 1.3723191361940543,
      "teamplay_score": 0.7453730711291084,
      "tilt_score": 1.2826587454432063,
      "match_count": 558,
      "avg_kills": 8.007168458781361,
      "avg_deaths": 5.218637992831542,
      "avg_assists": 8.025089605734767,
      "avg_gold": 12727.874551971327,
      "avg_damage_dealt": 27505.283154121862,
      "avg_vision_score": 17.684587813620073,
      "lost_by_surrender": 129,
      "lost_surrender_rate": 0.23118279569892472
    },
    "Kayki マ": {
      "ego_index": -0.18340677471930195,
      "selfish_score": 0.5957768924262103,
      "teamplay_score": 1.046321380020764,
      "tilt_score": 1.3356885643762586,
      "match_count": 108,
      "avg_kills": 2.490740740740741,
      "avg_deaths": 5.555555555555555,
      "avg_assists": 7.518518518518518,
      "avg_gold": 9112.518518518518,
      "avg_damage_dealt": 10524.24074074074,
      "avg_vision_score": 36.0,
      "lost_by_surrender": 26,
      "lost_surrender_rate": 0.24074074074074073
    },
    "En Vlc No F0II0": {
      "ego_index": -0.3381233317670167,
      "selfish_score": 0.7756311675270942,
      "teamplay_score": 1.2722757794618427,
      "tilt_score": 0.792606400838659,
      "match_count": 168,
      "avg_kills": 3.5476190476190474,
      "avg_deaths": 6.136904761904762,
      "avg_assists": 12.666666666666666,
      "avg_gold": 9915.988095238095,
      "avg_damage_dealt": 15641.410714285714,
      "avg_vision_score": 33.26190476190476,
      "lost_by_surrender": 24,
      "lost_surrender_rate": 0.14285714285714285
    },
    "Nikken": {
      "ego_index": 0.3739816470403303,
      "selfish_score": 1.1621601565717594,
      "teamplay_score": 0.9260638834051367,
      "tilt_score": 0.6894268693685377,
      "match_count": 169,
      "avg_kills": 5.704142011834319,
      "avg_deaths": 4.266272189349112,
      "avg_assists": 9.544378698224852,
      "avg_gold": 12279.650887573964,
      "avg_damage_dealt": 26081.165680473372,
      "avg_vision_score": 23.242603550295858,
      "lost_by_surrender": 21,
      "lost_surrender_rate": 0.1242603550295858
    },
    "FUSHROHDAH": {
      "ego_index": 0.3996817343414756,
      "selfish_score": 1.0079176788879665,
      "teamplay_score": 0.8436160272197897,
      "tilt_score": 1.1769004133664938,
      "match_count": 99,
      "avg_kills": 5.121212121212121,
      "avg_deaths": 5.3232323232323235,
      "avg_assists": 8.424242424242424,
      "avg_gold": 11245.020202020201,
      "avg_damage_dealt": 20666.454545454544,
      "avg_vision_score": 21.97979797979798,
      "lost_by_surrender": 21,
      "lost_surrender_rate": 0.21212121212121213
    },
    "Däzzler": {
      "ego_index": -1.0142047695462495,
      "selfish_score": 0.6949737490257524,
      "teamplay_score": 1.8793700770342907,
      "tilt_score": 0.8509577923114438,
      "match_count": 163,
      "avg_kills": 3.085889570552147,
      "avg_deaths": 6.098159509202454,
      "avg_assists": 14.693251533742332,
      "avg_gold": 9306.36809815951,
      "avg_damage_dealt": 13731.306748466257,
      "avg_vision_score": 61.11656441717791,
      "lost_by_surrender": 25,
      "lost_surrender_rate": 0.15337423312883436
    },
    "Morocha": {
      "ego_index": 0.6858104623512844,
      "selfish_score": 1.1128501144475418,
      "teamplay_score": 0.6069827268812502,
      "tilt_score": 0.8997153739249644,
      "match_count": 37,
      "avg_kills": 6.297297297297297,
      "avg_deaths": 7.648648648648648,
      "avg_assists": 6.162162162162162,