{
  "source_L1": "L1_q440_min5_pool_ac89fa8d",
  "generated_at": "2025-12-02 02:38:31",
  "start_date": null,
  "end_date": null,
  "first_metrics": {
    "Frieren": {
      "first_blood_kills": 92,
      "first_blood_kills_rate": 0.1467304625199362,
      "first_blood_assists": 77,
      "first_blood_assists_rate": 0.12280701754385964,
      "first_death_count": 47,
      "first_death_rate": 0.07496012759170653,
      "avg_early_takedowns": 4.869218500797448,
      "avg_early_gold": 405.93687467857444,
      "avg_early_damage": 822.9027273208604,
      "avg_early_vision": 0.9869720863904285,
      "avg_early_farm": 51.55342902711324,
      "match_count": 627
    },
    "Kyoraku": {
      "first_blood_kills": 99,
      "first_blood_kills_rate": 0.14431486880466474,
      "first_blood_assists": 57,
      "first_blood_assists_rate": 0.08309037900874636,
      "first_death_count": 66,
      "first_death_rate": 0.09620991253644315,
      "avg_early_takedowns": 4.822157434402333,
      "avg_early_gold": 431.7647957029725,
      "avg_early_damage": 919.3330061545375,
      "avg_early_vision": 0.7717617415307544,
      "avg_early_farm": 50.35860058309038,
      "match_count": 686
    },
    "Banshee": {
      "first_blood_kills": 41,
      "first_blood_kills_rate": 0.05555555555555555,
      "first_blood_assists": 65,
      "first_blood_assists_rate": 0.08807588075880758,
      "first_death_count": 66,
      "first_death_rate": 0.08943089430894309,
      "avg_early_takedowns": 3.4010840108401084,
      "avg_early_gold": 351.9516586657962,
      "avg_early_damage": 594.6649741711467,
      "avg_early_vision": 1.0622432500987298,
      "avg_early_farm": 43.669376693766935,
      "match_count": 738
    },
    "Bustamantefanboy": {
      "first_blood_kills": 68,
      "first_blood_kills_rate": 0.08819714656290532,
      "first_blood_assists": 65,
      "first_blood_assists_rate": 0.08430609597924774,
      "first_death_count": 81,
      "first_death_rate": 0.10505836575875487,
      "avg_early_takedowns": 3.872892347600519,
      "avg_early_gold": 396.1637919422147,
      "avg_early_damage": 730.9136803455124,
      "avg_early_vision": 0.5662025855009167,
      "avg_early_farm": 49.88715953307393,
      "match_count": 771
    },
    "Dexus": {
      "first_blood_kills": 45,
      "first_blood_kills_rate": 0.08108108108108109,
      "first_blood_assists": 18,
      "first_blood_assists_rate": 0.032432432432432434,
      "first_death_count": 56,
      "first_death_rate": 0.1009009009009009,
      "avg_early_takedowns": 4.437837837837838,
      "avg_early_gold": 444.83933695155986,
      "avg_early_damage": 807.0154865883896,
      "avg_early_vision": 0.7154274105317544,
      "avg_early_farm": 15.245045045045044,
      "match_count": 555
    },
    "SN Bin": {
      "first_blood_kills": 70,
      "first_blood_kills_rate": 0.14,
      "first_blood_assists": 50,
      "first_blood_assists_rate": 0.1,
      "first_death_count": 43,
      "first_death_rate": 0.086,
      "avg_early_takedowns": 4.794,
      "avg_early_gold": 423.4295396125653,
      "avg_early_damage": 855.0789047634844,
      "avg_early_vision": 0.7415166698124427,
      "avg_early_farm": 48.442,
      "match_count": 500
    },
    "Joseph Joestar": {
      "first_blood_kills": 27,
      "first_blood_kills_rate": 0.04522613065326633,
      "first_blood_assists": 36,
      "first_blood_assists_rate": 0.06030150753768844,
      "first_death_count": 49,
      "first_death_rate": 0.08207705192629816,
      "avg_early_takedowns": 3.4120603015075375,
      "avg_early_gold": 352.6348733058448,
      "avg_early_damage": 544.0075873831494,
      "avg_early_vision": 0.7874644515757089,
      "avg_early_farm": 33.39865996649916,
      "match_count": 597
    },
    "TheChosenUndead": {
      "first_blood_kills": 53,
      "first_blood_kills_rate": 0.07210884353741497,
      "first_blood_assists": 80,
      "first_blood_assists_rate": 0.10884353741496598,
      "first_death_count": 102,
      "first_death_rate": 0.13877551020408163,
      "avg_early_takedowns": 3.5972789115646258,
      "avg_early_gold": 314.8940803838598,
      "avg_early_damage": 460.85404381045254,
      "avg_early_vision": 1.3129748766064588,
      "avg_early_farm": 32.30068027210884,
      "match_count": 735
    },
    "maibad": {
      "first_blood_kills": 74,
      "first_blood_kills_rate": 0.13261648745519714,
      "first_blood_assists": 44,
      "first_blood_assists_rate": 0.07885304659498207,
      "first_death_count": 39,
      "first_death_rate": 0.06989247311827956,
      "avg_early_takedowns": 4.591397849462366,
      "avg_early_gold": 419.0031866071007,
      "avg_early_damage": 877.2374453844698,
      "avg_early_vision": 0.5890402613713415,
      "avg_early_farm": 43.67741935483871,
      "match_count": 558
    },
    "Kayki マ": {
      "first_blood_kills": 1,
      "first_blood_kills_rate": 0.009433962264150943,
      "first_blood_assists": 8,
      "first_blood_assists_rate": 0.07547169811320754,
      "first_death_count": 10,
      "first_death_rate": 0.09433962264150944,
      "avg_early_takedowns": 2.7735849056603774,
      "avg_early_gold": 295.4476795480717,
      "avg_early_damage": 329.48525449127146,
      "avg_early_vision": 1.1249253213453232,
      "avg_early_farm": 33.160377358490564,
      "match_count": 106
    },
    "En Vlc No F0II0": {
      "first_blood_kills": 13,
      "first_blood_kills_rate": 0.07738095238095238,
      "first_blood_assists": 41,
      "first_blood_assists_rate": 0.24404761904761904,
      "first_death_count": 19,
      "first_death_rate": 0.1130952380952381,
      "avg_early_takedowns": 4.892857142857143,
      "avg_early_gold": 333.2004183981653,
      "avg_early_damage": 506.2811309526658,
      "avg_early_vision": 1.0900958608181526,
      "avg_early_farm": 22.839285714285715,
      "match_count": 168
    },
    "Nikken": {
      "first_blood_kills": 6,
      "first_blood_kills_rate": 0.03550295857988166,
      "first_blood_assists": 15,
      "first_blood_assists_rate": 0.08875739644970414,
      "first_death_count": 15,
      "first_death_rate": 0.08875739644970414,
      "avg_early_takedowns": 3.2071005917159763,
      "avg_early_gold": 384.34073228919993,
      "avg_early_damage": 782.2236979816408,
      "avg_early_vision": 0.7315737727386242,
      "avg_early_farm": 59.928994082840234,
      "match_count": 169
    },
    "FUSHROHDAH": {
      "first_blood_kills": 4,
      "first_blood_kills_rate": 0.04040404040404041,
      "first_blood_assists": 13,
      "first_blood_assists_rate": 0.13131313131313133,
      "first_death_count": 4,
      "first_death_rate": 0.04040404040404041,
      "avg_early_takedowns": 3.606060606060606,
      "avg_early_gold": 368.5085616491326,
      "avg_early_damage": 638.8111359263169,
      "avg_early_vision": 0.7179346663711887,
      "avg_early_farm": 41.86868686868687,
      "match_count": 99
    },
    "Däzzler": {
      "first_blood_kills": 9,
      "first_blood_kills_rate": 0.05521472392638037,
      "first_blood_assists": 22,
      "first_blood_assists_rate": 0.13496932515337423,
      "first_death_count": 20,
      "first_death_rate": 0.12269938650306748,
      "avg_early_takedowns": 4.2392638036809815,
      "avg_early_gold": 299.39981948141315,
      "avg_early_damage": 429.2225692301001,
      "avg_early_vision": 1.9237887060924448,
      "avg_early_farm": 20.196319018404907,
      "match_count": 163
    },
    "Morocha": {
      "first_blood_kills": 2,
      "first_blood_kills_rate": 0.05405405405405406,
      "first_blood_assists": 4,
      "first_blood_assists_rate": 0.10810810810810811,
      "first_death_count": 6,
      "first_death_rate": 0.16216216216216217,
      "avg_early_takedowns": 4.27027027027027,
      "avg_early_gold": 362.45126808830776,
      "avg_early_damage": 749.9302668086001,
      "avg_early_vision": 0.5429594681185061,
      "avg_early_farm": 41.32432432432432,
      "match_count": 37
    },