{
  "source_L1": "L1_q440_min5_pool_ac89fa8d",
  "generated_at": "2025-12-06 22:31:52",
  "start_date": null,
  "end_date": null,
  "skills": {
    "Frieren": {
      "avg_Q": 120.44674085850556,
      "avg_W": 65.43402225755167,
      "avg_E": 50.35453100158983,
      "avg_R": 15.511923688394276,
      "max_Q": 643,
      "max_W": 337,
      "max_E": 321,
      "max_R": 200,
      "matches": 629
    },
    "Kyoraku": {
      "avg_Q": 140.53935860058309,
      "avg_W": 59.18950437317784,
      "avg_E": 67.1399416909621,
      "avg_R": 15.489795918367347,
      "max_Q": 835,
      "max_W": 309,
      "max_E": 594,
      "max_R": 549,
      "matches": 686
    },
    "Banshee": {
      "avg_Q": 101.22972972972973,
      "avg_W": 69.34594594594594,
      "avg_E": 62.87432432432433,
      "avg_R": 15.754054054054054,
      "max_Q": 369,
      "max_W": 285,
      "max_E": 542,
      "max_R": 130,
      "matches": 740
    },
    "Bustamantefanboy": {
      "avg_Q": 153.42173350582146,
      "avg_W": 49.82276843467012,
      "avg_E": 65.95989650711513,
      "avg_R": 11.301423027166882,
      "max_Q": 886,
      "max_W": 289,
      "max_E": 640,
      "max_R": 134,
      "matches": 773
    },
    "Dexus": {
      "avg_Q": 143.22800718132854,
      "avg_W": 51.847396768402156,
      "avg_E": 118.10233393177738,
      "avg_R": 22.854578096947936,
      "max_Q": 1047,
      "max_W": 255,
      "max_E": 275,
      "max_R": 271,
      "matches": 557
    },
    "SN Bin": {
      "avg_Q": 109.034,
      "avg_W": 50.582,
      "avg_E": 54.996,
      "avg_R": 12.192,
      "max_Q": 733,
      "max_W": 260,
      "max_E": 224,
      "max_R": 144,
      "matches": 500
    },
    "Joseph Joestar": {
      "avg_Q": 114.54438860971524,
      "avg_W": 56.571189279731996,
      "avg_E": 60.04857621440536,
      "avg_R": 10.916247906197654,
      "max_Q": 415,
      "max_W": 254,
      "max_E": 236,
      "max_R": 123,
      "matches": 597
    },
    "TheChosenUndead": {
      "avg_Q": 86.8108843537415,
      "avg_W": 40.32380952380952,
      "avg_E": 53.010884353741496,
      "avg_R": 10.722448979591837,
      "max_Q": 367,
      "max_W": 194,
      "max_E": 277,
      "max_R": 149,
      "matches": 735
    },
    "maibad": {
      "avg_Q": 137.6021505376344,
      "avg_W": 79.27240143369175,
      "avg_E": 73.0752688172043,
      "avg_R": 14.93010752688172,
      "max_Q": 417,
      "max_W": 299,
      "max_E": 236,
      "max_R": 204,
      "matches": 558
    },
    "Kayki マ": {
      "avg_Q": 69.02777777777777,
      "avg_W": 41.48148148148148,
      "avg_E": 36.361111111111114,
      "avg_R": 5.638888888888889,
      "max_Q": 179,
      "max_W": 166,
      "max_E": 122,
      "max_R": 30,
      "matches": 108
    },
    "En Vlc No F0II0": {
      "avg_Q": 90.83333333333333,
      "avg_W": 60.51190476190476,
      "avg_E": 74.83928571428571,
      "avg_R": 8.666666666666666,
      "max_Q": 356,
      "max_W": 350,
      "max_E": 291,
      "max_R": 24,
      "matches": 168
    },
    "Nikken": {
      "avg_Q": 137.5621301775148,
      "avg_W": 66.99408284023669,
      "avg_E": 60.86390532544379,
      "avg_R": 10.218934911242604,
      "max_Q": 546,
      "max_W": 156,
      "max_E": 141,
      "max_R": 67,
      "matches": 169
    },
    "FUSHROHDAH": {
      "avg_Q": 86.44444444444444,
      "avg_W": 52.61616161616162,
      "avg_E": 51.7979797979798,
      "avg_R": 14.565656565656566,
      "max_Q": 268,
      "max_W": 304,
      "max_E": 193,
      "max_R": 115,
      "matches": 99
    },
    "Däzzler": {
      "avg_Q": 80.49079754601227,
      "avg_W": 60.147239263803684,
      "avg_E": 64.88957055214723,
      "avg_R": 9.625766871165645,
      "max_Q": 223,
      "max_W": 202,
      "max_E": 188,
      "max_R": 80,
      "matches": 163
    },
    "Morocha": {
      "avg_Q": 101.37837837837837,
      "avg_W": 52.4054054054054,
      "avg_E": 56.108108108108105,
      "avg_R": 9.72972972972973,
      "max_Q": 364,
      "max_W": 115,
      "max_E": 244,
      "max_R": 46,
      "matches": 37
    },
    "Lady Maria": {
      "avg_Q": 30.29032258064516,
      "avg_W": 44.32258064516129,
      "avg_E": 42.0,
      "avg_R": 7.548387096774194,
      "max_Q": 60,
      "max_W": 95,
      "max_E": 81,
      "max_R": 15,
      "matches": 31
    },
    "gokusito": {
      "avg_Q": 98.42105263157895,
      "avg_W": 52.43859649122807,
      "avg_E": 43.666666666666664,
      "avg_R": 8.43859649122807,
      "max_Q": 366,
      "max_W": 188,
      "max_E": 117,
      "max_R": 36,
      "matches": 57
    },
    "DETOXED": {
      "avg_Q": 175.55172413793105,
      "avg_W": 106.77586206896552,
      "avg_E": 105.65517241379311,
      "avg_R": 22.17241379310345,
      "max_Q": 405,
      "max_W": 387,
      "max_E": 271,
      "max_R": 249,
      "matches": 58
    },
    "ñoki": {
      "avg_Q": 42.628571428571426,
      "avg_W": 31.057142857142857,
      "avg_E": 59.8,
      "avg_R": 7.742857142857143,
      "max_Q": 97,
      "max_W": 134,
      "max_E": 184,
      "max_R": 21,
      "matches": 35
    }
  }
}