{
  "Frieren": {
    "ego_index": 0.41887718000735524,
    "selfish_score": 1.2962944676750017,
    "teamplay_score": 1.0823671009315181,
    "tilt_score": 1.0247490663193584,
    "match_count": 617,
    "avg_kills": 7.278768233387358,
    "avg_deaths": 4.604538087520259,
    "avg_assists": 10.004862236628849,
    "avg_gold": 12528.460291734198,
    "avg_damage_dealt": 26488.58670988655,
    "avg_vision_score": 30.617504051863857,
    "lost_by_surrender": 114,
    "lost_surrender_rate": 0.1847649918962723
  },
  "Kyoraku": {
    "ego_index": 0.6964208884982395,
    "selfish_score": 1.407957164626947,
    "teamplay_score": 0.8761128219975827,
    "tilt_score": 0.822882729344375,
    "match_count": 674,
    "avg_kills": 8.065281899109792,
    "avg_deaths": 5.045994065281899,
    "avg_assists": 8.443620178041543,
    "avg_gold": 13145.55934718101,
    "avg_damage_dealt": 28787.007418397625,
    "avg_vision_score": 23.75074183976261,
    "lost_by_surrender": 100,
    "lost_surrender_rate": 0.14836795252225518
  },
  "Banshee": {
    "ego_index": -0.0011271494726381448,
    "selfish_score": 0.8927162547518657,
    "teamplay_score": 1.1020169534360131,
    "tilt_score": 1.0408677460575466,
    "match_count": 730,
    "avg_kills": 4.1287671232876715,
    "avg_deaths": 5.66027397260274,
    "avg_assists": 9.509589041095891,
    "avg_gold": 10809.013698630137,
    "avg_damage_dealt": 18829.36712328767,
    "avg_vision_score": 33.1972602739726,
    "lost_by_surrender": 137,
    "lost_surrender_rate": 0.18767123287671234
  },
  "Bustamantefanboy": {
    "ego_index": 0.5764465521276195,
    "selfish_score": 1.1584558085856302,
    "teamplay_score": 0.7634958270005856,
    "tilt_score": 0.9074328527128742,
    "match_count": 764,
    "avg_kills": 6.1767015706806285,
    "avg_deaths": 4.9960732984293195,
    "avg_assists": 8.497382198952879,
    "avg_gold": 12254.429319371728,
    "avg_damage_dealt": 23444.53272251309,
    "avg_vision_score": 17.291884816753928,
    "lost_by_surrender": 125,
    "lost_surrender_rate": 0.16361256544502617
  },
  "Dexus": {
    "ego_index": 0.7880093529246788,
    "selfish_score": 1.3872067361971339,
    "teamplay_score": 0.7786342231359609,
    "tilt_score": 0.8971841993175289,
    "match_count": 544,
    "avg_kills": 8.34375,
    "avg_deaths": 5.805147058823529,
    "avg_assists": 7.387867647058823,
    "avg_gold": 13467.91911764706,
    "avg_damage_dealt": 25416.03125,
    "avg_vision_score": 21.455882352941178,
    "lost_by_surrender": 88,
    "lost_surrender_rate": 0.16176470588235295
  },
  "SN Bin": {
    "ego_index": 0.6594645288138263,
    "selfish_score": 1.3450114348884519,
    "teamplay_score": 0.8719002204928701,
    "tilt_score": 0.9317665720912228,
    "match_count": 500,
    "avg_kills": 7.708,
    "avg_deaths": 5.7,
    "avg_assists": 8.84,
    "avg_gold": 12858.98,
    "avg_damage_dealt": 26943.5,
    "avg_vision_score": 22.33,
    "lost_by_surrender": 84,
    "lost_surrender_rate": 0.168
  },
  "Joseph Joestar": {
    "ego_index": 0.23173946520314392,
    "selfish_score": 0.8666683911230493,
    "teamplay_score": 0.8647555632793271,
    "tilt_score": 1.1491331867971089,
    "match_count": 584,
    "avg_kills": 4.152397260273973,
    "avg_deaths": 5.666095890410959,
    "avg_assists": 8.320205479452055,
    "avg_gold": 10684.453767123288,
    "avg_damage_dealt": 17204.729452054795,
    "avg_vision_score": 23.48458904109589,
    "lost_by_surrender": 121,
    "lost_surrender_rate": 0.2071917808219178
  },
  "TheChosenUndead": {
    "ego_index": -0.3108629487308895,
    "selfish_score": 0.7537965234113215,
    "teamplay_score": 1.272738706632205,
    "tilt_score": 1.0403961724499695,
    "match_count": 725,
    "avg_kills": 3.537931034482759,
    "avg_deaths": 6.468965517241379,
    "avg_assists": 10.140689655172414,
    "avg_gold": 9690.093793103448,
    "avg_damage_dealt": 14626.993103448276,
    "avg_vision_score": 40.85793103448276,
    "lost_by_surrender": 136,
    "lost_surrender_rate": 0.18758620689655173
  },
  "maibad": {
    "ego_index": 0.8840581835487235,
    "selfish_score": 1.372887052277896,
    "teamplay_score": 0.7452674414373304,
    "tilt_score": 1.282192863540789,
    "match_count": 558,
    "avg_kills": 8.007168458781361,
    "avg_deaths": 5.218637992831542,
    "avg_assists": 8.025089605734767,
    "avg_gold": 12727.874551971327,
    "avg_damage_dealt": 27505.283154121862,
    "avg_vision_score": 17.684587813620073,
    "lost_by_surrender": 129,
    "lost_surrender_rate": 0.23118279569892472
  },
  "Kayki マ": {
    "ego_index": -0.19945718047061778,
    "selfish_score": 0.5936025793400015,
    "teamplay_score": 1.0566429485210076,
    "tilt_score": 1.3179159435519416,
    "match_count": 101,
    "avg_kills": 2.514851485148515,
    "avg_deaths": 5.534653465346534,
    "avg_assists": 7.5049504950495045,
    "avg_gold": 9049.990099009901,
    "avg_damage_dealt": 10354.485148514852,
    "avg_vision_score": 36.65346534653465,
    "lost_by_surrender": 24,
    "lost_surrender_rate": 0.2376237623762376
  },
  "En Vlc No F0II0": {
    "ego_index": -0.3400164277289135,
    "selfish_score": 0.7842313698447922,
    "teamplay_score": 1.2788699560015422,
    "tilt_score": 0.773110792139182,
    "match_count": 165,
    "avg_kills": 3.606060606060606,
    "avg_deaths": 6.175757575757576,
    "avg_assists": 12.684848484848485,
    "avg_gold": 9987.89090909091,
    "avg_damage_dealt": 15765.212121212122,
    "avg_vision_score": 33.593939393939394,
    "lost_by_surrender": 23,
    "lost_surrender_rate": 0.1393939393939394
  },
  "Nikken": {
    "ego_index": 0.3745979705378403,
    "selfish_score": 1.162639662919926,
    "teamplay_score": 0.9258769841115566,
    "tilt_score": 0.6891764586473541,
    "match_count": 169,
    "avg_kills": 5.704142011834319,
    "avg_deaths": 4.266272189349112,
    "avg_assists": 9.544378698224852,
    "avg_gold": 12279.650887573964,
    "avg_damage_dealt": 26081.165680473372,
    "avg_vision_score": 23.242603550295858,
    "lost_by_surrender": 21,
    "lost_surrender_rate": 0.1242603550295858
  },
  "FUSHROHDAH": {
    "ego_index": 0.4002104041666151,
    "selfish_score": 1.0083262620704052,
    "teamplay_score": 0.8434104468157151,
    "tilt_score": 1.1764729445596247,
    "match_count": 99,
    "avg_kills": 5.121212121212121,
    "avg_deaths": 5.3232323232323235,
    "avg_assists": 8.424242424242424,
    "avg_gold": 11245.020202020201,
    "avg_damage_dealt": 20666.454545454544,
    "avg_vision_score": 21.97979797979798,
    "lost_by_surrender": 21,
    "lost_surrender_rate": 0.21212121212121213
  },
  "Däzzler": {
    "ego_index": -1.0220942991354656,
    "selfish_score": 0.6891395541020429,
    "teamplay_score": 1.8867474480407074,
    "tilt_score": 0.877567974015995,
    "match_count": 158,
    "avg_kills": 3.0569620253164556,
    "avg_deaths": 6.0886075949367084,
    "avg_assists": 14.721518987341772,
    "avg_gold": 9276.227848101265,
    "avg_damage_dealt": 13527.45569620253,
    "avg_vision_score": 61.5,
    "lost_by_surrender": 25,
    "lost_surrender_rate": 0.15822784810126583
  },
  "Morocha": {
    "ego_index": 0.6863392837404201,
    "selfish_score": 1.113309560122293,
    "teamplay_score": 0.6068479930018003,
    "tilt_score": 0.8993885830996359,
    "match_count": 37,
    "avg_kills": 6.297297297297297,
    "avg_deaths": 7.648648648648648,
    "avg_assists": 6.162162162162162,
    "avg_gold": 10687.108108108108,
    "avg_damage_dealt": 22645.972972972973,
    "avg_vision_score": 15.513513513513514,
    "lost_by_surrender": 6,
    "lost_surrender_rate": 0.16216216216216217
  },
  "Lady Maria": {
    "ego_index": -0.5217533645940267,
    "selfish_score": 0.3551921689804427,
    "teamplay_score": 1.1357695813775868,
    "tilt_score": 1.2941202390155873,
    "match_count": 30,
    "avg_kills": 0.9333333333333333,
    "avg_deaths": 6.666666666666667,
    "avg_assists": 11.466666666666667,
    "avg_gold": 7169.733333333334,
    "avg_damage_dealt": 5958.366666666667,