{
  "Frieren": {
    "avg_Q": 121.0032414910859,
    "avg_W": 65.91896272285251,
    "avg_E": 49.969205834683954,
    "avg_R": 15.46677471636953,
    "max_Q": 643,
    "max_W": 337,
    "max_E": 321,
    "max_R": 200,
    "matches": 617
  },
  "Kyoraku": {
    "avg_Q": 141.39317507418397,
    "avg_W": 59.29376854599406,
    "avg_E": 67.16913946587538,
    "avg_R": 15.583086053412464,
    "max_Q": 835,
    "max_W": 309,
    "max_E": 594,
    "max_R": 549,
    "matches": 674
  },
  "Banshee": {
    "avg_Q": 101.05068493150685,
    "avg_W": 68.9958904109589,
    "avg_E": 63.104109589041094,
    "avg_R": 15.786301369863013,
    "max_Q": 369,
    "max_W": 285,
    "max_E": 542,
    "max_R": 130,
    "matches": 730
  },
  "Bustamantefanboy": {
    "avg_Q": 154.07068062827224,
    "avg_W": 49.97251308900523,
    "avg_E": 65.77748691099477,
    "avg_R": 11.336387434554974,
    "max_Q": 886,
    "max_W": 289,
    "max_E": 640,
    "max_R": 134,
    "matches": 764
  },
  "Dexus": {
    "avg_Q": 142.8878676470588,
    "avg_W": 51.79595588235294,
    "avg_E": 118.2408088235294,
    "avg_R": 23.154411764705884,
    "max_Q": 1047,
    "max_W": 255,
    "max_E": 274,
    "max_R": 271,
    "matches": 544
  },
  "SN Bin": {
    "avg_Q": 109.034,
    "avg_W": 50.582,
    "avg_E": 54.996,
    "avg_R": 12.192,
    "max_Q": 733,
    "max_W": 260,
    "max_E": 224,
    "max_R": 144,
    "matches": 500
  },
  "Joseph Joestar": {
    "avg_Q": 113.8972602739726,
    "avg_W": 56.679794520547944,
    "avg_E": 59.794520547945204,
    "avg_R": 10.982876712328768,
    "max_Q": 415,
    "max_W": 254,
    "max_E": 236,
    "max_R": 123,
    "matches": 584
  },
  "TheChosenUndead": {
    "avg_Q": 87.30206896551724,
    "avg_W": 40.42344827586207,
    "avg_E": 53.14206896551724,
    "avg_R": 10.779310344827586,
    "max_Q": 367,
    "max_W": 194,
    "max_E": 277,
    "max_R": 149,
    "matches": 725
  },
  "maibad": {
    "avg_Q": 137.6021505376344,
    "avg_W": 79.27240143369175,
    "avg_E": 73.0752688172043,
    "avg_R": 14.93010752688172,
    "max_Q": 417,
    "max_W": 299,
    "max_E": 236,
    "max_R": 204,
    "matches": 558
  },
  "Kayki マ": {
    "avg_Q": 68.98019801980197,
    "avg_W": 41.20792079207921,
    "avg_E": 35.524752475247524,
    "avg_R": 4.97029702970297,
    "max_Q": 179,
    "max_W": 166,
    "max_E": 122,
    "max_R": 30,
    "matches": 101
  },
  "En Vlc No F0II0": {
    "avg_Q": 91.39393939393939,
    "avg_W": 60.96969696969697,
    "avg_E": 75.75757575757575,
    "avg_R": 8.73939393939394,
    "max_Q": 356,
    "max_W": 350,
    "max_E": 291,
    "max_R": 24,
    "matches": 165
  },
  "Nikken": {
    "avg_Q": 137.5621301775148,
    "avg_W": 66.99408284023669,
    "avg_E": 60.86390532544379,
    "avg_R": 10.218934911242604,
    "max_Q": 546,
    "max_W": 156,
    "max_E": 141,
    "max_R": 67,
    "matches": 169
  },
  "FUSHROHDAH": {
    "avg_Q": 86.44444444444444,
    "avg_W": 52.61616161616162,
    "avg_E": 51.7979797979798,
    "avg_R": 14.565656565656566,
    "max_Q": 268,
    "max_W": 304,
    "max_E": 193,
    "max_R": 115,
    "matches": 99
  },
  "Däzzler": {
    "avg_Q": 79.68987341772151,
    "avg_W": 59.924050632911396,
    "avg_E": 64.29113924050633,
    "avg_R": 9.19620253164557,
    "max_Q": 196,
    "max_W": 202,
    "max_E": 188,
    "max_R": 62,
    "matches": 158
  },
  "Morocha": {
    "avg_Q": 101.37837837837837,
    "avg_W": 52.4054054054054,
    "avg_E": 56.108108108108105,
    "avg_R": 9.72972972972973,
    "max_Q": 364,
    "max_W": 115,
    "max_E": 244,
    "max_R": 46,
    "matches": 37
  },
  "Lady Maria": {
    "avg_Q": 30.5,
    "avg_W": 43.3,
    "avg_E": 41.56666666666667,
    "avg_R": 7.6,
    "max_Q": 60,
    "max_W": 95,
    "max_E": 81,
    "max_R": 15,
    "matches": 30
  },
  "gokusito": {
    "avg_Q": 98.42105263157895,
    "avg_W": 52.43859649122807,
    "avg_E": 43.666666666666664,
    "avg_R": 8.43859649122807,
    "max_Q": 366,
    "max_W": 188,
    "max_E": 117,
    "max_R": 36,
    "matches": 57
  },
  "DETOXED": {
    "avg_Q": 175.55172413793105,
    "avg_W": 106.77586206896552,
    "avg_E": 105.65517241379311,
    "avg_R": 22.17241379310345,
    "max_Q": 405,
    "max_W": 387,
    "max_E": 271,
    "max_R": 249,
    "matches": 58
  },
  "ñoki": {
    "avg_Q": 42.628571428571426,
    "avg_W": 31.057142857142857,
    "avg_E": 59.8,
    "avg_R": 7.742857142857143,
    "max_Q": 97,
    "max_W": 134,
    "max_E": 184,
    "max_R": 21,
    "matches": 35
  }
}