{
  "Frieren": {
    "first_blood_kills": 90,
    "first_blood_kills_rate": 0.1458670988654781,
    "first_blood_assists": 75,
    "first_blood_assists_rate": 0.12155591572123177,
    "first_death_count": 45,
    "first_death_rate": 0.07293354943273905,
    "avg_early_takedowns": 4.854132901134522,
    "avg_early_gold": 406.0021240059279,
    "avg_early_damage": 822.5813049477335,
    "avg_early_vision": 0.9899156668385888,
    "avg_early_farm": 51.619124797406805,
    "match_count": 617
  },
  "Kyoraku": {
    "first_blood_kills": 99,
    "first_blood_kills_rate": 0.14688427299703263,
    "first_blood_assists": 56,
    "first_blood_assists_rate": 0.0830860534124629,
    "first_death_count": 65,
    "first_death_rate": 0.09643916913946587,
    "avg_early_takedowns": 4.79080118694362,
    "avg_early_gold": 430.6889313566128,
    "avg_early_damage": 915.7191363634555,
    "avg_early_vision": 0.7750637215554578,
    "avg_early_farm": 50.26557863501483,
    "match_count": 674
  },
  "Banshee": {
    "first_blood_kills": 40,
    "first_blood_kills_rate": 0.0547945205479452,
    "first_blood_assists": 64,
    "first_blood_assists_rate": 0.08767123287671233,
    "first_death_count": 66,
    "first_death_rate": 0.09041095890410959,
    "avg_early_takedowns": 3.404109589041096,
    "avg_early_gold": 351.3697716739481,
    "avg_early_damage": 591.5881836578168,
    "avg_early_vision": 1.0652715339464407,
    "avg_early_farm": 43.489041095890414,
    "match_count": 730
  },
  "Bustamantefanboy": {
    "first_blood_kills": 67,
    "first_blood_kills_rate": 0.08769633507853403,
    "first_blood_assists": 64,
    "first_blood_assists_rate": 0.08376963350785341,
    "first_death_count": 81,
    "first_death_rate": 0.10602094240837696,
    "avg_early_takedowns": 3.856020942408377,
    "avg_early_gold": 395.60299073219164,
    "avg_early_damage": 730.7579637260252,
    "avg_early_vision": 0.565652779575866,
    "avg_early_farm": 49.917539267015705,
    "match_count": 764
  },
  "Dexus": {
    "first_blood_kills": 42,
    "first_blood_kills_rate": 0.07720588235294118,
    "first_blood_assists": 17,
    "first_blood_assists_rate": 0.03125,
    "first_death_count": 55,
    "first_death_rate": 0.10110294117647059,
    "avg_early_takedowns": 4.426470588235294,
    "avg_early_gold": 445.03372828374677,
    "avg_early_damage": 807.7461256306663,
    "avg_early_vision": 0.7183916748402669,
    "avg_early_farm": 14.790441176470589,
    "match_count": 544
  },
  "SN Bin": {
    "first_blood_kills": 70,
    "first_blood_kills_rate": 0.14,
    "first_blood_assists": 50,
    "first_blood_assists_rate": 0.1,
    "first_death_count": 43,
    "first_death_rate": 0.086,
    "avg_early_takedowns": 4.794,
    "avg_early_gold": 423.4295396125653,
    "avg_early_damage": 855.0789047634844,
    "avg_early_vision": 0.7415166698124427,
    "avg_early_farm": 48.442,
    "match_count": 500
  },
  "Joseph Joestar": {
    "first_blood_kills": 27,
    "first_blood_kills_rate": 0.046232876712328765,
    "first_blood_assists": 35,
    "first_blood_assists_rate": 0.059931506849315065,
    "first_death_count": 48,
    "first_death_rate": 0.0821917808219178,
    "avg_early_takedowns": 3.392123287671233,
    "avg_early_gold": 352.15862621423537,
    "avg_early_damage": 545.0973184874897,
    "avg_early_vision": 0.7868909900347558,
    "avg_early_farm": 33.601027397260275,
    "match_count": 584
  },
  "TheChosenUndead": {
    "first_blood_kills": 52,
    "first_blood_kills_rate": 0.07172413793103448,
    "first_blood_assists": 78,
    "first_blood_assists_rate": 0.10758620689655173,
    "first_death_count": 102,
    "first_death_rate": 0.1406896551724138,
    "avg_early_takedowns": 3.5806896551724137,
    "avg_early_gold": 315.12572015699254,
    "avg_early_damage": 462.18769244066857,
    "avg_early_vision": 1.3072598229537522,
    "avg_early_farm": 32.44827586206897,
    "match_count": 725
  },
  "maibad": {
    "first_blood_kills": 74,
    "first_blood_kills_rate": 0.13261648745519714,
    "first_blood_assists": 44,
    "first_blood_assists_rate": 0.07885304659498207,
    "first_death_count": 39,
    "first_death_rate": 0.06989247311827956,
    "avg_early_takedowns": 4.591397849462366,
    "avg_early_gold": 419.0031866071007,
    "avg_early_damage": 877.2374453844698,
    "avg_early_vision": 0.5890402613713415,
    "avg_early_farm": 43.67741935483871,
    "match_count": 558
  },
  "Kayki マ": {
    "first_blood_kills": 1,
    "first_blood_kills_rate": 0.009900990099009901,
    "first_blood_assists": 8,
    "first_blood_assists_rate": 0.07920792079207921,
    "first_death_count": 9,
    "first_death_rate": 0.0891089108910891,
    "avg_early_takedowns": 2.801980198019802,
    "avg_early_gold": 293.20738446256547,
    "avg_early_damage": 323.99321799970903,
    "avg_early_vision": 1.1412726835256646,
    "avg_early_farm": 31.801980198019802,
    "match_count": 101
  },
  "En Vlc No F0II0": {
    "first_blood_kills": 13,
    "first_blood_kills_rate": 0.07878787878787878,
    "first_blood_assists": 39,
    "first_blood_assists_rate": 0.23636363636363636,
    "first_death_count": 19,
    "first_death_rate": 0.11515151515151516,
    "avg_early_takedowns": 4.884848484848485,
    "avg_early_gold": 333.2393512789885,
    "avg_early_damage": 507.0957980857478,
    "avg_early_vision": 1.0952754172904067,
    "avg_early_farm": 22.78787878787879,
    "match_count": 165
  },
  "Nikken": {
    "first_blood_kills": 6,
    "first_blood_kills_rate": 0.03550295857988166,
    "first_blood_assists": 15,
    "first_blood_assists_rate": 0.08875739644970414,
    "first_death_count": 15,
    "first_death_rate": 0.08875739644970414,
    "avg_early_takedowns": 3.2071005917159763,
    "avg_early_gold": 384.34073228919993,
    "avg_early_damage": 782.2236979816408,
    "avg_early_vision": 0.7315737727386242,
    "avg_early_farm": 59.928994082840234,
    "match_count": 169
  },
  "FUSHROHDAH": {
    "first_blood_kills": 4,
    "first_blood_kills_rate": 0.04040404040404041,
    "first_blood_assists": 13,
    "first_blood_assists_rate": 0.13131313131313133,
    "first_death_count": 4,
    "first_death_rate": 0.04040404040404041,
    "avg_early_takedowns": 3.606060606060606,
    "avg_early_gold": 368.5085616491326,
    "avg_early_damage": 638.8111359263169,
    "avg_early_vision": 0.7179346663711887,
    "avg_early_farm": 41.86868686868687,
    "match_count": 99
  },
  "Däzzler": {
    "first_blood_kills": 9,
    "first_blood_kills_rate": 0.056962025316455694,
    "first_blood_assists": 22,
    "first_blood_assists_rate": 0.13924050632911392,
    "first_death_count": 20,
    "first_death_rate": 0.12658227848101267,
    "avg_early_takedowns": 4.215189873417722,
    "avg_early_gold": 298.4808214923883,
    "avg_early_damage": 421.50754464797296,
    "avg_early_vision": 1.9362585750323917,
    "avg_early_farm": 19.727848101265824,
    "match_count": 158
  },
  "Morocha": {
    "first_blood_kills": 2,
    "first_blood_kills_rate": 0.05405405405405406,
    "first_blood_assists": 4,
    "first_blood_assists_rate": 0.10810810810810811,
    "first_death_count": 6,
    "first_death_rate": 0.16216216216216217,
    "avg_early_takedowns": 4.27027027027027,
    "avg_early_gold": 362.45126808830776,
    "avg_early_damage": 749.9302668086001,
    "avg_early_vision": 0.5429594681185061,
    "avg_early_farm": 41.32432432432432,
    "match_count": 37
  },
  "Lady Maria": {
    "first_blood_kills": 1,
    "first_blood_kills_rate": 0.03333333333333333,
    "first_blood_assists": 6,
    "first_blood_assists_rate": 0.2,
    "first_death_count": 4,
    "first_death_rate": 0.13333333333333333,
    "avg_early_takedowns": 4.166666666666667,
    "avg_early_gold": 253.118091835641,
    "avg_early_damage": 208.01697537732582,
    "avg_early_vision": 1.0467613899202897,
    "avg_early_farm": 5.433333333333334,
    "match_count": 30
  },
  "gokusito": {
    "first_blood_kills": 12,
    "first_blood_kills_rate": 0.21052631578947367,
    "first_blood_assists": 7,