{
  "source_L1": "L1_q440_min3_pool_ac89fa8d",
  "generated_at": "2025-12-02 00:26:07",
  "start_date": null,
  "end_date": null,
  "first_metrics": {
    "Frieren": {
      "first_blood_kills": 118,
      "first_blood_kills_rate": 0.15108834827144688,
      "first_blood_assists": 103,
      "first_blood_assists_rate": 0.13188220230473752,
      "first_death_count": 61,
      "first_death_rate": 0.07810499359795134,
      "avg_early_takedowns": 4.932138284250961,
      "avg_early_gold": 406.28254459571593,
      "avg_early_damage": 829.2112035554984,
      "avg_early_vision": 0.9972616812406697,
      "avg_early_farm": 51.8258642765685,
      "match_count": 781
    },
    "Kyoraku": {
      "first_blood_kills": 114,
      "first_blood_kills_rate": 0.14412136536030343,
      "first_blood_assists": 69,
      "first_blood_assists_rate": 0.08723135271807839,
      "first_death_count": 77,
      "first_death_rate": 0.09734513274336283,
      "avg_early_takedowns": 4.948166877370417,
      "avg_early_gold": 433.1085754202403,
      "avg_early_damage": 926.168722295115,
      "avg_early_vision": 0.7706719608374839,
      "avg_early_farm": 49.9456384323641,
      "match_count": 791
    },
    "Banshee": {
      "first_blood_kills": 48,
      "first_blood_kills_rate": 0.05274725274725275,
      "first_blood_assists": 80,
      "first_blood_assists_rate": 0.08791208791208792,
      "first_death_count": 86,
      "first_death_rate": 0.0945054945054945,
      "avg_early_takedowns": 3.3956043956043955,
      "avg_early_gold": 355.1497608011931,
      "avg_early_damage": 602.8923678480836,
      "avg_early_vision": 1.0076850197402452,
      "avg_early_farm": 44.573626373626375,
      "match_count": 910
    },
    "Bustamantefanboy": {
      "first_blood_kills": 81,
      "first_blood_kills_rate": 0.0878524945770065,
      "first_blood_assists": 77,
      "first_blood_assists_rate": 0.08351409978308026,
      "first_death_count": 90,
      "first_death_rate": 0.09761388286334056,
      "avg_early_takedowns": 3.9609544468546636,
      "avg_early_gold": 395.7462132150141,
      "avg_early_damage": 730.2284084413005,
      "avg_early_vision": 0.5681399716807319,
      "avg_early_farm": 48.97830802603037,
      "match_count": 922
    },
    "Dexus": {
      "first_blood_kills": 53,
      "first_blood_kills_rate": 0.07957957957957958,
      "first_blood_assists": 26,
      "first_blood_assists_rate": 0.03903903903903904,
      "first_death_count": 64,
      "first_death_rate": 0.0960960960960961,
      "avg_early_takedowns": 4.414414414414415,
      "avg_early_gold": 444.5184889857717,
      "avg_early_damage": 817.5935598589783,
      "avg_early_vision": 0.7063831143182632,
      "avg_early_farm": 17.882882882882882,
      "match_count": 666
    },
    "SN Bin": {
      "first_blood_kills": 98,
      "first_blood_kills_rate": 0.14121037463976946,
      "first_blood_assists": 93,
      "first_blood_assists_rate": 0.1340057636887608,
      "first_death_count": 60,
      "first_death_rate": 0.08645533141210375,
      "avg_early_takedowns": 5.082132564841499,
      "avg_early_gold": 425.89423865429984,
      "avg_early_damage": 880.6863240572651,
      "avg_early_vision": 0.7327921619525999,
      "avg_early_farm": 47.90922190201729,
      "match_count": 694
    },
    "Joseph Joestar": {
      "first_blood_kills": 40,
      "first_blood_kills_rate": 0.045871559633027525,
      "first_blood_assists": 65,
      "first_blood_assists_rate": 0.07454128440366972,
      "first_death_count": 65,
      "first_death_rate": 0.07454128440366972,
      "avg_early_takedowns": 3.4002293577981653,
      "avg_early_gold": 354.1448803931151,
      "avg_early_damage": 561.5101258314135,
      "avg_early_vision": 0.7584883597445701,
      "avg_early_farm": 35.17775229357798,
      "match_count": 872
    },
    "TheChosenUndead": {
      "first_blood_kills": 70,
      "first_blood_kills_rate": 0.07526881720430108,
      "first_blood_assists": 95,
      "first_blood_assists_rate": 0.10215053763440861,
      "first_death_count": 121,
      "first_death_rate": 0.13010752688172042,
      "avg_early_takedowns": 3.736559139784946,
      "avg_early_gold": 319.89999523834285,
      "avg_early_damage": 478.1862642157943,
      "avg_early_vision": 1.2570736357255594,
      "avg_early_farm": 31.816129032258065,
      "match_count": 930
    },
    "maibad": {
      "first_blood_kills": 86,
      "first_blood_kills_rate": 0.13271604938271606,
      "first_blood_assists": 49,
      "first_blood_assists_rate": 0.07561728395061729,
      "first_death_count": 46,
      "first_death_rate": 0.07098765432098765,
      "avg_early_takedowns": 4.700617283950617,
      "avg_early_gold": 421.82458442440776,
      "avg_early_damage": 882.1093697231163,
      "avg_early_vision": 0.5953174107376205,
      "avg_early_farm": 40.8070987654321,
      "match_count": 648
    },
    "Kayki マ": {
      "first_blood_kills": 1,
      "first_blood_kills_rate": 0.008064516129032258,
      "first_blood_assists": 10,
      "first_blood_assists_rate": 0.08064516129032258,
      "first_death_count": 11,
      "first_death_rate": 0.08870967741935484,
      "avg_early_takedowns": 2.870967741935484,
      "avg_early_gold": 296.161963567667,
      "avg_early_damage": 336.77628177192423,
      "avg_early_vision": 1.1291702870327796,
      "avg_early_farm": 32.524193548387096,
      "match_count": 124
    },
    "En Vlc No F0II0": {
      "first_blood_kills": 29,
      "first_blood_kills_rate": 0.09666666666666666,
      "first_blood_assists": 79,
      "first_blood_assists_rate": 0.2633333333333333,
      "first_death_count": 34,
      "first_death_rate": 0.11333333333333333,
      "avg_early_takedowns": 5.14,
      "avg_early_gold": 331.246911698169,
      "avg_early_damage": 509.5340446482903,
      "avg_early_vision": 1.1365279883479116,
      "avg_early_farm": 22.79,
      "match_count": 300
    },
    "Nikken": {
      "first_blood_kills": 11,
      "first_blood_kills_rate": 0.04602510460251046,
      "first_blood_assists": 21,
      "first_blood_assists_rate": 0.08786610878661087,
      "first_death_count": 17,
      "first_death_rate": 0.07112970711297072,
      "avg_early_takedowns": 3.3765690376569037,
      "avg_early_gold": 387.94651494248035,
      "avg_early_damage": 809.6847591168683,
      "avg_early_vision": 0.7088705021395219,
      "avg_early_farm": 61.46861924686193,
      "match_count": 239
    },
    "FUSHROHDAH": {
      "first_blood_kills": 15,
      "first_blood_kills_rate": 0.07211538461538461,
      "first_blood_assists": 35,
      "first_blood_assists_rate": 0.16826923076923078,
      "first_death_count": 13,
      "first_death_rate": 0.0625,
      "avg_early_takedowns": 3.7836538461538463,
      "avg_early_gold": 369.8952735550577,
      "avg_early_damage": 653.9682246427959,
      "avg_early_vision": 0.7717511722984965,
      "avg_early_farm": 43.36538461538461,
      "match_count": 208
    },
    "Däzzler": {
      "first_blood_kills": 11,
      "first_blood_kills_rate": 0.046218487394957986,
      "first_blood_assists": 32,
      "first_blood_assists_rate": 0.13445378151260504,
      "first_death_count": 27,
      "first_death_rate": 0.1134453781512605,
      "avg_early_takedowns": 4.4789915966386555,
      "avg_early_gold": 298.60880537671187,
      "avg_early_damage": 425.1843961837232,
      "avg_early_vision": 1.9552734636609452,
      "avg_early_farm": 18.978991596638654,
      "match_count": 238
    },
    "Morocha": {
      "first_blood_kills": 5,
      "first_blood_kills_rate": 0.07142857142857142,
      "first_blood_assists": 13,
      "first_blood_assists_rate": 0.18571428571428572,
      "first_death_count": 12,
      "first_death_rate": 0.17142857142857143,
      "avg_early_takedowns": 4.714285714285714,
      "avg_early_gold": 357.02404881915993,
      "avg_early_damage": 740.1616575913996,
      "avg_early_vision": 0.5846578512307684,
      "avg_early_farm": 36.68571428571428,