{
  "Frieren": {
    "avg_Q": 122.28553137003841,
    "avg_W": 65.83354673495519,
    "avg_E": 49.778489116517285,
    "avg_R": 16.22663252240717,
    "max_Q": 643,
    "max_W": 337,
    "max_E": 321,
    "max_R": 263,
    "matches": 781
  },
  "Kyoraku": {
    "avg_Q": 139.71428571428572,
    "avg_W": 59.16308470290771,
    "avg_E": 67.18204804045511,
    "avg_R": 15.179519595448799,
    "max_Q": 1090,
    "max_W": 309,
    "max_E": 594,
    "max_R": 549,
    "matches": 791
  },
  "Banshee": {
    "avg_Q": 101.65164835164835,
    "avg_W": 67.61868131868133,
    "avg_E": 63.13406593406594,
    "avg_R": 15.69010989010989,
    "max_Q": 369,
    "max_W": 285,
    "max_E": 542,
    "max_R": 130,
    "matches": 910
  },
  "Bustamantefanboy": {
    "avg_Q": 154.06616052060738,
    "avg_W": 50.13882863340564,
    "avg_E": 65.25921908893709,
    "avg_R": 11.707158351409978,
    "max_Q": 886,
    "max_W": 289,
    "max_E": 640,
    "max_R": 134,
    "matches": 922
  },
  "Dexus": {
    "avg_Q": 144.76276276276278,
    "avg_W": 50.66366366366366,
    "avg_E": 117.11711711711712,
    "avg_R": 23.00750750750751,
    "max_Q": 1047,
    "max_W": 255,
    "max_E": 292,
    "max_R": 271,
    "matches": 666
  },
  "SN Bin": {
    "avg_Q": 112.43804034582132,
    "avg_W": 50.37463976945245,
    "avg_E": 55.20172910662824,
    "avg_R": 12.495677233429396,
    "max_Q": 781,
    "max_W": 260,
    "max_E": 257,
    "max_R": 144,
    "matches": 694
  },
  "Joseph Joestar": {
    "avg_Q": 116.36697247706422,
    "avg_W": 59.97935779816514,
    "avg_E": 61.78669724770642,
    "avg_R": 11.035550458715596,
    "max_Q": 460,
    "max_W": 254,
    "max_E": 766,
    "max_R": 123,
    "matches": 872
  },
  "TheChosenUndead": {
    "avg_Q": 86.76129032258065,
    "avg_W": 42.56774193548387,
    "avg_E": 52.04086021505376,
    "avg_R": 10.598924731182796,
    "max_Q": 367,
    "max_W": 247,
    "max_E": 277,
    "max_R": 149,
    "matches": 930
  },
  "maibad": {
    "avg_Q": 133.50617283950618,
    "avg_W": 83.31944444444444,
    "avg_E": 71.55401234567901,
    "avg_R": 14.82716049382716,
    "max_Q": 417,
    "max_W": 299,
    "max_E": 236,
    "max_R": 204,
    "matches": 648
  },
  "Kayki マ": {
    "avg_Q": 69.28225806451613,
    "avg_W": 42.54032258064516,
    "avg_E": 36.056451612903224,
    "avg_R": 5.435483870967742,
    "max_Q": 179,
    "max_W": 166,
    "max_E": 132,
    "max_R": 30,
    "matches": 124
  },
  "En Vlc No F0II0": {
    "avg_Q": 89.75666666666666,
    "avg_W": 55.403333333333336,
    "avg_E": 71.55,
    "avg_R": 9.67,
    "max_Q": 356,
    "max_W": 350,
    "max_E": 325,
    "max_R": 41,
    "matches": 300
  },
  "Nikken": {
    "avg_Q": 139.0794979079498,
    "avg_W": 67.7489539748954,
    "avg_E": 60.38493723849373,
    "avg_R": 9.96234309623431,
    "max_Q": 546,
    "max_W": 156,
    "max_E": 141,
    "max_R": 67,
    "matches": 239
  },
  "FUSHROHDAH": {
    "avg_Q": 84.10576923076923,
    "avg_W": 58.23076923076923,
    "avg_E": 52.02884615384615,
    "avg_R": 14.716346153846153,
    "max_Q": 268,
    "max_W": 304,
    "max_E": 229,
    "max_R": 115,
    "matches": 208
  },
  "Däzzler": {
    "avg_Q": 79.36974789915966,
    "avg_W": 59.02100840336134,
    "avg_E": 66.0798319327731,
    "avg_R": 9.596638655462185,
    "max_Q": 223,
    "max_W": 202,
    "max_E": 188,
    "max_R": 80,
    "matches": 238
  },
  "Morocha": {
    "avg_Q": 86.72857142857143,
    "avg_W": 56.32857142857143,
    "avg_E": 56.042857142857144,
    "avg_R": 12.757142857142858,
    "max_Q": 364,
    "max_W": 158,
    "max_E": 244,
    "max_R": 86,
    "matches": 70
  },
  "Lady Maria": {
    "avg_Q": 30.547619047619047,
    "avg_W": 45.45238095238095,
    "avg_E": 42.42857142857143,
    "avg_R": 7.5476190476190474,
    "max_Q": 60,
    "max_W": 95,
    "max_E": 81,
    "max_R": 16,
    "matches": 42
  },
  "gokusito": {
    "avg_Q": 97.26612903225806,
    "avg_W": 56.33064516129032,
    "avg_E": 40.71774193548387,
    "avg_R": 8.588709677419354,
    "max_Q": 461,
    "max_W": 217,
    "max_E": 117,
    "max_R": 130,
    "matches": 124
  },
  "DETOXED": {
    "avg_Q": 167.63302752293578,
    "avg_W": 92.06422018348624,
    "avg_E": 92.57798165137615,
    "avg_R": 20.440366972477065,
    "max_Q": 509,
    "max_W": 387,
    "max_E": 271,
    "max_R": 363,
    "matches": 109
  },
  "ñoki": {
    "avg_Q": 40.10294117647059,
    "avg_W": 31.897058823529413,
    "avg_E": 57.19117647058823,
    "avg_R": 7.338235294117647,
    "max_Q": 97,
    "max_W": 134,
    "max_E": 184,
    "max_R": 21,
    "matches": 68
  }
}