{
  "source_L1": "L1_q440_min3_pool_ac89fa8d",
  "generated_at": "2025-12-02 00:26:00",
  "start_date": null,
  "end_date": null,
  "troll": {
    "Frieren": {
      "total_matches": 781,
      "early_surrender_own": 6,
      "early_surrender_enemy": 1,
      "afk_own": 150,
      "afk_enemy": 131,
      "pct_early_surrender_own": 0.0076824583866837385,
      "pct_early_surrender_enemy": 0.0012804097311139564,
      "pct_afk_own": 0.19206145966709348,
      "pct_afk_enemy": 0.1677336747759283
    },
    "Kyoraku": {
      "total_matches": 791,
      "early_surrender_own": 2,
      "early_surrender_enemy": 5,
      "afk_own": 147,
      "afk_enemy": 142,
      "pct_early_surrender_own": 0.0025284450063211127,
      "pct_early_surrender_enemy": 0.006321112515802781,
      "pct_afk_own": 0.18584070796460178,
      "pct_afk_enemy": 0.179519595448799
    },
    "Banshee": {
      "total_matches": 910,
      "early_surrender_own": 5,
      "early_surrender_enemy": 4,
      "afk_own": 182,
      "afk_enemy": 166,
      "pct_early_surrender_own": 0.005494505494505495,
      "pct_early_surrender_enemy": 0.004395604395604396,
      "pct_afk_own": 0.2,
      "pct_afk_enemy": 0.1824175824175824
    },
    "Bustamantefanboy": {
      "total_matches": 922,
      "early_surrender_own": 4,
      "early_surrender_enemy": 3,
      "afk_own": 158,
      "afk_enemy": 142,
      "pct_early_surrender_own": 0.004338394793926247,
      "pct_early_surrender_enemy": 0.0032537960954446853,
      "pct_afk_own": 0.17136659436008678,
      "pct_afk_enemy": 0.1540130151843818
    },
    "Dexus": {
      "total_matches": 666,
      "early_surrender_own": 5,
      "early_surrender_enemy": 0,
      "afk_own": 112,
      "afk_enemy": 117,
      "pct_early_surrender_own": 0.0075075075075075074,
      "pct_early_surrender_enemy": 0.0,
      "pct_afk_own": 0.16816816816816818,
      "pct_afk_enemy": 0.17567567567567569
    },
    "SN Bin": {
      "total_matches": 694,
      "early_surrender_own": 6,
      "early_surrender_enemy": 5,
      "afk_own": 116,
      "afk_enemy": 111,
      "pct_early_surrender_own": 0.008645533141210375,
      "pct_early_surrender_enemy": 0.007204610951008645,
      "pct_afk_own": 0.16714697406340057,
      "pct_afk_enemy": 0.15994236311239193
    },
    "Joseph Joestar": {
      "total_matches": 872,
      "early_surrender_own": 5,
      "early_surrender_enemy": 6,
      "afk_own": 182,
      "afk_enemy": 171,
      "pct_early_surrender_own": 0.005733944954128441,
      "pct_early_surrender_enemy": 0.006880733944954129,
      "pct_afk_own": 0.20871559633027523,
      "pct_afk_enemy": 0.19610091743119265
    },
    "TheChosenUndead": {
      "total_matches": 930,
      "early_surrender_own": 5,
      "early_surrender_enemy": 7,
      "afk_own": 175,
      "afk_enemy": 161,
      "pct_early_surrender_own": 0.005376344086021506,
      "pct_early_surrender_enemy": 0.007526881720430108,
      "pct_afk_own": 0.1881720430107527,
      "pct_afk_enemy": 0.17311827956989248
    },
    "maibad": {
      "total_matches": 648,
      "early_surrender_own": 3,
      "early_surrender_enemy": 3,
      "afk_own": 116,
      "afk_enemy": 119,
      "pct_early_surrender_own": 0.004629629629629629,
      "pct_early_surrender_enemy": 0.004629629629629629,
      "pct_afk_own": 0.17901234567901234,
      "pct_afk_enemy": 0.18364197530864199
    },
    "Kayki マ": {
      "total_matches": 124,
      "early_surrender_own": 1,
      "early_surrender_enemy": 0,
      "afk_own": 22,
      "afk_enemy": 25,
      "pct_early_surrender_own": 0.008064516129032258,
      "pct_early_surrender_enemy": 0.0,
      "pct_afk_own": 0.1774193548387097,
      "pct_afk_enemy": 0.20161290322580644
    },
    "En Vlc No F0II0": {
      "total_matches": 300,
      "early_surrender_own": 2,
      "early_surrender_enemy": 2,
      "afk_own": 36,
      "afk_enemy": 47,
      "pct_early_surrender_own": 0.006666666666666667,
      "pct_early_surrender_enemy": 0.006666666666666667,
      "pct_afk_own": 0.12,
      "pct_afk_enemy": 0.15666666666666668
    },
    "Nikken": {
      "total_matches": 239,
      "early_surrender_own": 0,
      "early_surrender_enemy": 4,
      "afk_own": 34,
      "afk_enemy": 39,
      "pct_early_surrender_own": 0.0,
      "pct_early_surrender_enemy": 0.016736401673640166,
      "pct_afk_own": 0.14225941422594143,
      "pct_afk_enemy": 0.16317991631799164
    },
    "FUSHROHDAH": {
      "total_matches": 208,
      "early_surrender_own": 3,
      "early_surrender_enemy": 3,
      "afk_own": 28,
      "afk_enemy": 23,
      "pct_early_surrender_own": 0.014423076923076924,
      "pct_early_surrender_enemy": 0.014423076923076924,
      "pct_afk_own": 0.1346153846153846,
      "pct_afk_enemy": 0.11057692307692307
    },
    "Däzzler": {
      "total_matches": 238,
      "early_surrender_own": 0,
      "early_surrender_enemy": 2,
      "afk_own": 47,
      "afk_enemy": 33,
      "pct_early_surrender_own": 0.0,
      "pct_early_surrender_enemy": 0.008403361344537815,
      "pct_afk_own": 0.19747899159663865,
      "pct_afk_enemy": 0.13865546218487396
    },
    "Morocha": {
      "total_matches": 70,
      "early_surrender_own": 1,
      "early_surrender_enemy": 0,
      "afk_own": 12,
      "afk_enemy": 8,
      "pct_early_surrender_own": 0.014285714285714285,
      "pct_early_surrender_enemy": 0.0,
      "pct_afk_own": 0.17142857142857143,
      "pct_afk_enemy": 0.11428571428571428
    },
    "Lady Maria": {
      "total_matches": 42,
      "early_surrender_own": 0,
      "early_surrender_enemy": 0,
      "afk_own": 23,
      "afk_enemy": 10,
      "pct_early_surrender_own": 0.0,
      "pct_early_surrender_enemy": 0.0,
      "pct_afk_own": 0.5476190476190477,
      "pct_afk_enemy": 0.23809523809523808
    },
    "gokusito": {
      "total_matches": 124,
      "early_surrender_own": 3,
      "early_surrender_enemy": 0,
      "afk_own": 28,
      "afk_enemy": 17,
      "pct_early_surrender_own": 0.024193548387096774,
      "pct_early_surrender_enemy": 0.0,
      "pct_afk_own": 0.22580645161290322,
      "pct_afk_enemy": 0.13709677419354838
    },
    "DETOXED": {
      "total_matches": 109,
      "early_surrender_own": 1,
      "early_surrender_enemy": 0,
      "afk_own": 15,
      "afk_enemy": 14,
      "pct_early_surrender_own": 0.009174311926605505,
      "pct_early_surrender_enemy": 0.0,
      "pct_afk_own": 0.13761467889908258,
      "pct_afk_enemy": 0.12844036697247707
    },
    "ñoki": {
      "total_matches": 68,
      "early_surrender_own": 2,
      "early_surrender_enemy": 0,
      "afk_own": 13,
      "afk_enemy": 16,
      "pct_early_surrender_own": 0.029411764705882353,
      "pct_early_surrender_enemy": 0.0,
      "pct_afk_own": 0.19117647058823528,
      "pct_afk_enemy": 0.23529411764705882
    }
  }
}