{
  "source_L1": "L1_q440_min3_pool_ac89fa8d",
  "generated_at": "2025-12-02 00:25:52",
  "start_date": null,
  "end_date": null,
  "ego": {
    "Frieren": {
      "ego_index": 0.3747987827624307,
      "selfish_score": 1.2840476176765807,
      "teamplay_score": 1.0970823545446793,
      "tilt_score": 0.9391675981526466,
      "match_count": 781,
      "avg_kills": 7.299615877080666,
      "avg_deaths": 4.6427656850192065,
      "avg_assists": 9.991037131882202,
      "avg_gold": 12466.601792573623,
      "avg_damage_dealt": 26540.754161331624,
      "avg_vision_score": 30.65428937259923,
      "lost_by_surrender": 145,
      "lost_surrender_rate": 0.1856594110115237
    },
    "Kyoraku": {
      "ego_index": 0.6793679643338457,
      "selfish_score": 1.407411363736161,
      "teamplay_score": 0.8815266154080104,
      "tilt_score": 0.7674160800284759,
      "match_count": 791,
      "avg_kills": 8.22376738305942,
      "avg_deaths": 4.987357774968395,
      "avg_assists": 8.403286978508218,
      "avg_gold": 13128.140328697851,
      "avg_damage_dealt": 28944.757269279395,
      "avg_vision_score": 23.506953223767383,
      "lost_by_surrender": 120,
      "lost_surrender_rate": 0.15170670037926676
    },
    "Banshee": {
      "ego_index": 0.03205607849986289,
      "selfish_score": 0.895958739286113,
      "teamplay_score": 1.0695800089015743,
      "tilt_score": 1.028386740576621,
      "match_count": 910,
      "avg_kills": 4.202197802197802,
      "avg_deaths": 5.672527472527473,
      "avg_assists": 9.238461538461538,
      "avg_gold": 10841.761538461538,
      "avg_damage_dealt": 19104.65274725275,
      "avg_vision_score": 31.39010989010989,
      "lost_by_surrender": 185,
      "lost_surrender_rate": 0.2032967032967033
    },
    "Bustamantefanboy": {
      "ego_index": 0.5482258588069631,
      "selfish_score": 1.1575163911911148,
      "teamplay_score": 0.7804692645085078,
      "tilt_score": 0.8558936606217806,
      "match_count": 922,
      "avg_kills": 6.290672451193059,
      "avg_deaths": 5.008676789587852,
      "avg_assists": 8.58351409978308,
      "avg_gold": 12288.452277657267,
      "avg_damage_dealt": 23473.27874186551,
      "avg_vision_score": 17.386117136659436,
      "lost_by_surrender": 156,
      "lost_surrender_rate": 0.16919739696312364
    },
    "Dexus": {
      "ego_index": 0.7635948222826119,
      "selfish_score": 1.3783553572641702,
      "teamplay_score": 0.777302563923926,
      "tilt_score": 0.8127101447118382,
      "match_count": 666,
      "avg_kills": 8.35135135135135,
      "avg_deaths": 5.881381381381382,
      "avg_assists": 7.286786786786787,
      "avg_gold": 13453.564564564565,
      "avg_damage_dealt": 25770.65015015015,
      "avg_vision_score": 21.096096096096097,
      "lost_by_surrender": 107,
      "lost_surrender_rate": 0.16066066066066065
    },
    "SN Bin": {
      "ego_index": 0.6980213089595014,
      "selfish_score": 1.3859944163672522,
      "teamplay_score": 0.8716553625281112,
      "tilt_score": 0.918411275601802,
      "match_count": 694,
      "avg_kills": 8.239193083573488,
      "avg_deaths": 5.727665706051873,
      "avg_assists": 8.704610951008645,
      "avg_gold": 12928.616714697406,
      "avg_damage_dealt": 27797.773775216137,
      "avg_vision_score": 22.05907780979827,
      "lost_by_surrender": 126,
      "lost_surrender_rate": 0.18155619596541786
    },
    "Joseph Joestar": {
      "ego_index": 0.24260412856778246,
      "selfish_score": 0.8693477524429126,
      "teamplay_score": 0.8506657206361914,
      "tilt_score": 1.119610483805306,
      "match_count": 872,
      "avg_kills": 4.205275229357798,
      "avg_deaths": 5.639908256880734,
      "avg_assists": 8.146788990825687,
      "avg_gold": 10666.904816513761,
      "avg_damage_dealt": 17627.68119266055,
      "avg_vision_score": 22.571100917431192,
      "lost_by_surrender": 193,
      "lost_surrender_rate": 0.2213302752293578
    },
    "TheChosenUndead": {
      "ego_index": -0.2729798704388525,
      "selfish_score": 0.7769456077648376,
      "teamplay_score": 1.2490039366846255,
      "tilt_score": 0.9953922924046772,
      "match_count": 930,
      "avg_kills": 3.818279569892473,
      "avg_deaths": 6.443010752688172,
      "avg_assists": 9.974193548387097,
      "avg_gold": 9743.28817204301,
      "avg_damage_dealt": 15071.223655913978,
      "avg_vision_score": 39.09462365591398,
      "lost_by_surrender": 183,
      "lost_surrender_rate": 0.1967741935483871
    },
    "maibad": {
      "ego_index": 0.8493666154011676,
      "selfish_score": 1.3898908222762762,
      "teamplay_score": 0.7715938201898556,
      "tilt_score": 1.1553480665737346,
      "match_count": 648,
      "avg_kills": 8.316358024691358,
      "avg_deaths": 5.342592592592593,
      "avg_assists": 8.229938271604938,
      "avg_gold": 12855.155864197532,
      "avg_damage_dealt": 27804.03240740741,
      "avg_vision_score": 17.955246913580247,
      "lost_by_surrender": 148,
      "lost_surrender_rate": 0.22839506172839505
    },
    "Kayki マ": {
      "ego_index": -0.22249747514791135,
      "selfish_score": 0.5965834600287989,
      "teamplay_score": 1.0638495316696637,
      "tilt_score": 1.223842982464767,
      "match_count": 124,
      "avg_kills": 2.5,
      "avg_deaths": 5.588709677419355,
      "avg_assists": 7.588709677419355,
      "avg_gold": 9131.733870967742,
      "avg_damage_dealt": 10745.733870967742,
      "avg_vision_score": 36.016129032258064,
      "lost_by_surrender": 30,
      "lost_surrender_rate": 0.24193548387096775
    },
    "En Vlc No F0II0": {
      "ego_index": -0.3499976393447308,
      "selfish_score": 0.7833143151604598,
      "teamplay_score": 1.308675055637031,
      "tilt_score": 0.876815505659202,
      "match_count": 300,
      "avg_kills": 3.6933333333333334,
      "avg_deaths": 6.016666666666667,
      "avg_assists": 12.603333333333333,
      "avg_gold": 9909.243333333334,
      "avg_damage_dealt": 15823.273333333333,
      "avg_vision_score": 34.513333333333335,
      "lost_by_surrender": 52,
      "lost_surrender_rate": 0.17333333333333334
    },
    "Nikken": {
      "ego_index": 0.43199547648543146,
      "selfish_score": 1.1812832526451846,
      "teamplay_score": 0.90591236761159,
      "tilt_score": 0.7831229572591841,
      "match_count": 239,
      "avg_kills": 5.941422594142259,
      "avg_deaths": 4.2384937238493725,
      "avg_assists": 9.238493723849372,
      "avg_gold": 12276.619246861925,
      "avg_damage_dealt": 26837.86610878661,
      "avg_vision_score": 22.351464435146443,
      "lost_by_surrender": 37,
      "lost_surrender_rate": 0.15481171548117154
    },
    "FUSHROHDAH": {
      "ego_index": 0.32538224562330453,
      "selfish_score": 1.0180825763884658,
      "teamplay_score": 0.8921239757283304,
      "tilt_score": 0.9971182248158453,
      "match_count": 208,
      "avg_kills": 5.293269230769231,
      "avg_deaths": 5.326923076923077,
      "avg_assists": 8.60576923076923,
      "avg_gold": 11246.759615384615,
      "avg_damage_dealt": 21053.10576923077,
      "avg_vision_score": 23.485576923076923,
      "lost_by_surrender": 41,
      "lost_surrender_rate": 0.1971153846153846
    },
    "Däzzler": {
      "ego_index": -1.0724425864887521,
      "selfish_score": 0.6711272661490055,
      "teamplay_score": 1.9178560633618718,
      "tilt_score": 0.8714310536205707,
      "match_count": 238,
      "avg_kills": 2.9495798319327733,
      "avg_deaths": 6.239495798319328,
      "avg_assists": 14.899159663865547,
      "avg_gold": 9177.319327731093,
      "avg_damage_dealt": 13388.10924369748,
      "avg_vision_score": 61.27731092436975,
      "lost_by_surrender": 41,
      "lost_surrender_rate": 0.1722689075630252
    },
    "Morocha": {
      "ego_index": 0.6847579768814894,
      "selfish_score": 1.1630134272177834,
      "teamplay_score": 0.6661444872632659,
      "tilt_score": 0.9394451846348593,
      "match_count": 70,
      "avg_kills": 6.985714285714286,