{
  "FUSHROHDAH": {
    "avg_kda": 2.6092057761732854,
    "avg_kills": 5.293269230769231,
    "avg_deaths": 5.326923076923077,
    "avg_assists": 8.60576923076923,
    "avg_gold": 11246.759615384615,
    "avg_damage_dealt": 21053.10576923077,
    "avg_damage_taken": 25548.08173076923,
    "avg_vision_score": 23.485576923076923,
    "max_kills": {
      "kills": 18,
      "match_id": 7206808090
    },
    "max_deaths": {
      "deaths": 12,
      "match_id": 6713170940
    },
    "max_assists": {
      "assists": 32,
      "match_id": 7192523148
    }
  },
  "SN Bin": {
    "avg_kda": 2.9582389937106917,
    "avg_kills": 8.239193083573488,
    "avg_deaths": 5.727665706051873,
    "avg_assists": 8.704610951008645,
    "avg_gold": 12928.616714697406,
    "avg_damage_dealt": 27797.773775216137,
    "avg_damage_taken": 29911.321325648416,
    "avg_vision_score": 22.05907780979827,
    "max_kills": {
      "kills": 29,
      "match_id": 7328344896
    },
    "max_deaths": {
      "deaths": 15,
      "match_id": 7453312923
    },
    "max_assists": {
      "assists": 36,
      "match_id": 7419249305
    }
  },
  "En Vlc No F0II0": {
    "avg_kda": 2.7085872576177286,
    "avg_kills": 3.6933333333333334,
    "avg_deaths": 6.016666666666667,
    "avg_assists": 12.603333333333333,
    "avg_gold": 9909.243333333334,
    "avg_damage_dealt": 15823.273333333333,
    "avg_damage_taken": 31444.78,
    "avg_vision_score": 34.513333333333335,
    "max_kills": {
      "kills": 16,
      "match_id": 7211982637
    },
    "max_deaths": {
      "deaths": 15,
      "match_id": 7328344896
    },
    "max_assists": {
      "assists": 37,
      "match_id": 7468458266
    }
  },
  "Bustamantefanboy": {
    "avg_kda": 2.963687150837989,
    "avg_kills": 8.676923076923076,
    "avg_deaths": 5.507692307692308,
    "avg_assists": 7.6461538461538465,
    "avg_gold": 13395.8,
    "avg_damage_dealt": 27983.184615384616,
    "avg_damage_taken": 33628.4,
    "avg_vision_score": 19.338461538461537,
    "max_kills": {
      "kills": 25,
      "match_id": 7601801493
    },
    "max_deaths": {
      "deaths": 13,
      "match_id": 7601801493
    },
    "max_assists": {
      "assists": 20,
      "match_id": 7603721057
    }
  },
  "TheChosenUndead": {
    "avg_kda": 2.140687583444593,
    "avg_kills": 3.818279569892473,
    "avg_deaths": 6.443010752688172,
    "avg_assists": 9.974193548387097,
    "avg_gold": 9743.28817204301,
    "avg_damage_dealt": 15071.223655913978,
    "avg_damage_taken": 25787.505376344085,
    "avg_vision_score": 39.09462365591398,
    "max_kills": {
      "kills": 27,
      "match_id": 7301623222
    },
    "max_deaths": {
      "deaths": 17,
      "match_id": 7231235112
    },
    "max_assists": {
      "assists": 39,
      "match_id": 7462388227
    }
  },
  "maibad": {
    "avg_kda": 3.097053726169844,
    "avg_kills": 8.316358024691358,
    "avg_deaths": 5.342592592592593,
    "avg_assists": 8.229938271604938,
    "avg_gold": 12855.155864197532,
    "avg_damage_dealt": 27804.03240740741,
    "avg_damage_taken": 32676.202160493827,
    "avg_vision_score": 17.955246913580247,
    "max_kills": {
      "kills": 28,
      "match_id": 7184073522
    },
    "max_deaths": {
      "deaths": 17,
      "match_id": 7207995203
    },
    "max_assists": {
      "assists": 26,
      "match_id": 7241497752
    }
  },
  "Däzzler": {
    "avg_kda": 2.860606060606061,
    "avg_kills": 2.9495798319327733,
    "avg_deaths": 6.239495798319328,
    "avg_assists": 14.899159663865547,
    "avg_gold": 9177.319327731093,
    "avg_damage_dealt": 13388.10924369748,
    "avg_damage_taken": 21902.747899159665,
    "avg_vision_score": 61.27731092436975,
    "max_kills": {
      "kills": 14,
      "match_id": 7355104842
    },
    "max_deaths": {
      "deaths": 15,
      "match_id": 7355104842
    },
    "max_assists": {
      "assists": 47,
      "match_id": 7301623222
    }
  },
  "Nikken": {
    "avg_kda": 3.5814412635735438,
    "avg_kills": 5.941422594142259,
    "avg_deaths": 4.2384937238493725,
    "avg_assists": 9.238493723849372,
    "avg_gold": 12276.619246861925,
    "avg_damage_dealt": 26837.86610878661,
    "avg_damage_taken": 21586.38912133891,
    "avg_vision_score": 22.351464435146443,
    "max_kills": {
      "kills": 20,
      "match_id": 7398440936
    },
    "max_deaths": {
      "deaths": 12,
      "match_id": 7417475114
    },
    "max_assists": {
      "assists": 30,
      "match_id": 7417091672
    }
  },
  "Morocha": {
    "avg_kda": 1.669626998223801,
    "avg_kills": 6.985714285714286,
    "avg_deaths": 8.042857142857143,
    "avg_assists": 6.442857142857143,
    "avg_gold": 10751.342857142858,
    "avg_damage_dealt": 23140.342857142856,
    "avg_damage_taken": 31336.428571428572,
    "avg_vision_score": 17.485714285714284,
    "max_kills": {
      "kills": 17,
      "match_id": 7201983688
    },
    "max_deaths": {
      "deaths": 19,
      "match_id": 7185879429
    },
    "max_assists": {
      "assists": 21,
      "match_id": 7518216678
    }
  },
  "Joseph Joestar": {
    "avg_kda": 2.1901179341195607,
    "avg_kills": 4.205275229357798,
    "avg_deaths": 5.639908256880734,
    "avg_assists": 8.146788990825687,
    "avg_gold": 10666.904816513761,
    "avg_damage_dealt": 17627.68119266055,
    "avg_damage_taken": 27982.308486238533,
    "avg_vision_score": 22.571100917431192,
    "max_kills": {
      "kills": 19,
      "match_id": 7463347381
    },
    "max_deaths": {
      "deaths": 19,
      "match_id": 7301296374
    },
    "max_assists": {
      "assists": 32,
      "match_id": 7439191915
    }
  },
  "gokusito": {
    "avg_kda": 1.6078886310904872,
    "avg_kills": 4.612903225806452,
    "avg_deaths": 6.951612903225806,
    "avg_assists": 6.564516129032258,
    "avg_gold": 10887.112903225807,
    "avg_damage_dealt": 15797.09677419355,
    "avg_damage_taken": 33482.532258064515,
    "avg_vision_score": 13.596774193548388,
    "max_kills": {
      "kills": 22,
      "match_id": 7230132426
    },
    "max_deaths": {
      "deaths": 15,
      "match_id": 7204111359
    },
    "max_assists": {
      "assists": 21,
      "match_id": 7319595207
    }
  },
  "Banshee": {
    "avg_kda": 2.5045871559633026,
    "avg_kills": 6.21978021978022,
    "avg_deaths": 5.989010989010989,
    "avg_assists": 8.780219780219781,
    "avg_gold": 11939.472527472528,
    "avg_damage_dealt": 22912.153846153848,
    "avg_damage_taken": 25380.9010989011,
    "avg_vision_score": 23.417582417582416,
    "max_kills": {
      "kills": 22,
      "match_id": 7309264546
    },
    "max_deaths": {
      "deaths": 15,
      "match_id": 7224357615
    },
    "max_assists": {
      "assists": 30,
      "match_id": 7224385236
    }
  },
  "Frieren": {
    "avg_kda": 4.4576271186440675,
    "avg_kills": 6.166666666666667,
    "avg_deaths": 4.916666666666667,
    "avg_assists": 15.75,
    "avg_gold": 12934.833333333334,
    "avg_damage_dealt": 25168.833333333332,
    "avg_damage_taken": 31676.416666666668,
    "avg_vision_score": 37.25,
    "max_kills": {
      "kills": 12,
      "match_id": 7538008188
    },
    "max_deaths": {
      "deaths": 9,
      "match_id": 7536710611
    },
    "max_assists": {
      "assists": 25,
      "match_id": 7537027832
    }
  },
  "DETOXED": {
    "avg_kda": 4.067391304347826,
    "avg_kills": 7.477064220183486,
    "avg_deaths": 4.220183486238532,
    "avg_assists": 9.688073394495413,
    "avg_gold": 13207.59633027523,
    "avg_damage_dealt": 27362.449541284404,
    "avg_damage_taken": 33689.07339449541,
    "avg_vision_score": 23.40366972477064,
    "max_kills": {
      "kills": 21,
      "match_id": 7277080449
    },
    "max_deaths": {
      "deaths": 12,
      "match_id": 7241012947
    },
    "max_assists": {
      "assists": 41,
      "match_id": 7241497752
    }
  },
  "Kyoraku": {
    "avg_kda": 3.7830687830687832,
    "avg_kills": 10.073170731707316,
    "avg_deaths": 4.609756097560975,
    "avg_assists": 7.365853658536586,